node_id,latitude,longitude,distance_to_coast_m,distance_to_coast_km,distance_to_coast_nm,inside_12nm_maritime_zone,distance_to_12nm_boundary_nm,maritime_zone_status,geofence_source
GJ-VER-0001,20.87516585,70.07678103,21783.534769939946,21.784,11.762,True,0.238,WITHIN_12_NM_MARITIME_ZONE,CRZ-IV maritime zone concept (12 nautical miles)
GJ-VER-0002,20.92017704,70.07530903,18252.516362003087,18.253,9.856,True,2.144,WITHIN_12_NM_MARITIME_ZONE,CRZ-IV maritime zone concept (12 nautical miles)
GJ-VER-0003,20.9651879,70.07383312,14721.770158034475,14.722,7.949,True,4.051,WITHIN_12_NM_MARITIME_ZONE,CRZ-IV maritime zone concept (12 nautical miles)
GJ-VER-0004,21.01019843,70.0723533,11102.27510079705,11.102,5.995,True,6.005,WITHIN_12_NM_MARITIME_ZONE,CRZ-IV maritime zone concept (12 nautical miles)
GJ-VER-0005,21.05520861,70.07086956,7334.53341391756,7.335,3.96,True,8.04,WITHIN_12_NM_MARITIME_ZONE,CRZ-IV maritime zone concept (12 nautical miles)
GJ-VER-0006,21.10021846,70.06938189,3567.0442496691526,3.567,1.926,True,10.074,WITHIN_12_NM_MARITIME_ZONE,CRZ-IV maritime zone concept (12 nautical miles)
GJ-VER-0007,20.83152605,70.12612866,21813.68558475195,21.814,11.778,True,0.209,WITHIN_12_NM_MARITIME_ZONE,CRZ-IV maritime zone concept (12 nautical miles)
GJ-VER-0008,20.87654082,70.12467471,18265.309290113197,18.265,9.862,True,2.138,WITHIN_12_NM_MARITIME_ZONE,CRZ-IV maritime zone concept (12 nautical miles)
GJ-VER-0009,20.92155525,70.12321689,14734.020407787111,14.734,7.956,True,4.044,WITHIN_12_NM_MARITIME_ZONE,CRZ-IV maritime zone concept (12 nautical miles)
GJ-VER-0010,20.96656935,70.1217552,11203.00380968038,11.203,6.049,True,5.951,WITHIN_12_NM_MARITIME_ZONE,CRZ-IV maritime zone concept (12 nautical miles)
GJ-VER-0011,21.01158311,70.12028964,7672.259812690085,7.672,4.143,True,7.857,WITHIN_12_NM_MARITIME_ZONE,CRZ-IV maritime zone concept (12 nautical miles)
GJ-VER-0012,21.05659653,70.11882019,4070.8224929995895,4.071,2.198,True,9.802,WITHIN_12_NM_MARITIME_ZONE,CRZ-IV maritime zone concept (12 nautical miles)
GJ-VER-0013,20.7878662,70.17544804,22690.504806853623,22.691,12.252,False,0.252,OUTSIDE_12_NM_MARITIME_ZONE,CRZ-IV maritime zone concept (12 nautical miles)
GJ-VER-0014,20.8328845,70.17401206,18775.06292119809,18.775,10.138,True,1.862,WITHIN_12_NM_MARITIME_ZONE,CRZ-IV maritime zone concept (12 nautical miles)
GJ-VER-0015,20.87790246,70.17257226,14772.430830930298,14.772,7.976,True,4.011,WITHIN_12_NM_MARITIME_ZONE,CRZ-IV maritime zone concept (12 nautical miles)
GJ-VER-0016,20.9229201,70.17112863,11215.251400048302,11.215,6.056,True,5.944,WITHIN_12_NM_MARITIME_ZONE,CRZ-IV maritime zone concept (12 nautical miles)
GJ-VER-0017,20.9679374,70.16968116,7683.965543300506,7.684,4.149,True,7.851,WITHIN_12_NM_MARITIME_ZONE,CRZ-IV maritime zone concept (12 nautical miles)
GJ-VER-0018,21.01295437,70.16822986,4152.9515641934795,4.153,2.242,True,9.758,WITHIN_12_NM_MARITIME_ZONE,CRZ-IV maritime zone concept (12 nautical miles)
GJ-VER-0019,20.78920817,70.22332115,19287.477280252362,19.287,10.414,True,1.581,WITHIN_12_NM_MARITIME_ZONE,CRZ-IV maritime zone concept (12 nautical miles)
GJ-VER-0020,20.83422964,70.22189929,15640.806866262334,15.641,8.445,True,3.555,WITHIN_12_NM_MARITIME_ZONE,CRZ-IV maritime zone concept (12 nautical miles)
GJ-VER-0021,20.87925078,70.22047364,11848.814628816346,11.849,6.398,True,5.602,WITHIN_12_NM_MARITIME_ZONE,CRZ-IV maritime zone concept (12 nautical miles)
GJ-VER-0022,20.92427159,70.2190442,7746.633010661471,7.747,4.183,True,7.806,WITHIN_12_NM_MARITIME_ZONE,CRZ-IV maritime zone concept (12 nautical miles)
GJ-VER-0023,20.96929207,70.21761096,4164.653443029267,4.165,2.249,True,9.751,WITHIN_12_NM_MARITIME_ZONE,CRZ-IV maritime zone concept (12 nautical miles)
GJ-VER-0024,20.74551194,70.27260204,21133.04181837813,21.133,11.411,True,0.589,WITHIN_12_NM_MARITIME_ZONE,CRZ-IV maritime zone concept (12 nautical miles)
GJ-VER-0025,20.79053688,70.27119804,16578.43345730495,16.578,8.952,True,3.037,WITHIN_12_NM_MARITIME_ZONE,CRZ-IV maritime zone concept (12 nautical miles)
GJ-VER-0026,20.83556148,70.2697903,12289.618036247359,12.29,6.636,True,5.352,WITHIN_12_NM_MARITIME_ZONE,CRZ-IV maritime zone concept (12 nautical miles)
GJ-VER-0027,20.88058576,70.26837881,8590.560979107033,8.591,4.639,True,7.361,WITHIN_12_NM_MARITIME_ZONE,CRZ-IV maritime zone concept (12 nautical miles)
GJ-VER-0028,20.92560971,70.26696356,4921.934881713344,4.922,2.658,True,9.357,WITHIN_12_NM_MARITIME_ZONE,CRZ-IV maritime zone concept (12 nautical miles)
GJ-VER-0029,20.7017959,70.32185479,21748.254458642485,21.748,11.743,True,0.251,WITHIN_12_NM_MARITIME_ZONE,CRZ-IV maritime zone concept (12 nautical miles)
GJ-VER-0030,20.74682427,70.32046858,18203.411189685172,18.203,9.829,True,2.171,WITHIN_12_NM_MARITIME_ZONE,CRZ-IV maritime zone concept (12 nautical miles)
GJ-VER-0031,20.7918523,70.31907867,14566.063880881171,14.566,7.865,True,4.163,WITHIN_12_NM_MARITIME_ZONE,CRZ-IV maritime zone concept (12 nautical miles)
GJ-VER-0032,20.83688002,70.31768506,9997.893173034812,9.998,5.398,True,6.602,WITHIN_12_NM_MARITIME_ZONE,CRZ-IV maritime zone concept (12 nautical miles)
GJ-VER-0033,20.8819074,70.31628773,5430.737100083297,5.431,2.932,True,9.057,WITHIN_12_NM_MARITIME_ZONE,CRZ-IV maritime zone concept (12 nautical miles)
GJ-VER-0034,20.92693447,70.31488669,1539.7668419775193,1.54,0.831,True,11.169,WITHIN_12_NM_MARITIME_ZONE,CRZ-IV maritime zone concept (12 nautical miles)
GJ-VER-0035,20.70309191,70.36971098,18837.64614687592,18.838,10.172,True,1.814,WITHIN_12_NM_MARITIME_ZONE,CRZ-IV maritime zone concept (12 nautical miles)
GJ-VER-0036,20.74812334,70.36833883,14736.143075342909,14.736,7.957,True,4.034,WITHIN_12_NM_MARITIME_ZONE,CRZ-IV maritime zone concept (12 nautical miles)
GJ-VER-0037,20.79315445,70.36696301,11164.28514983155,11.164,6.028,True,5.972,WITHIN_12_NM_MARITIME_ZONE,CRZ-IV maritime zone concept (12 nautical miles)
GJ-VER-0038,20.83818524,70.36558353,7844.577012675822,7.845,4.236,True,7.906,WITHIN_12_NM_MARITIME_ZONE,CRZ-IV maritime zone concept (12 nautical miles)
GJ-VER-0039,20.88321571,70.36420037,3430.019229276191,3.43,1.852,True,10.179,WITHIN_12_NM_MARITIME_ZONE,CRZ-IV maritime zone concept (12 nautical miles)
GJ-VER-0040,20.65933989,70.4189253,20762.8352967659,20.763,11.211,True,0.789,WITHIN_12_NM_MARITIME_ZONE,CRZ-IV maritime zone concept (12 nautical miles)
GJ-VER-0041,20.70437469,70.41757083,16681.470295813117,16.681,9.007,True,3.012,WITHIN_12_NM_MARITIME_ZONE,CRZ-IV maritime zone concept (12 nautical miles)
GJ-VER-0042,20.74940916,70.41621274,12041.484949636668,12.041,6.502,True,5.48,WITHIN_12_NM_MARITIME_ZONE,CRZ-IV maritime zone concept (12 nautical miles)
GJ-VER-0043,20.79444332,70.41485102,7781.3902578340085,7.781,4.202,True,7.798,WITHIN_12_NM_MARITIME_ZONE,CRZ-IV maritime zone concept (12 nautical miles)
GJ-VER-0044,20.83947715,70.41348568,4124.652937864827,4.125,2.227,True,9.773,WITHIN_12_NM_MARITIME_ZONE,CRZ-IV maritime zone concept (12 nautical miles)
GJ-VER-0045,20.61556832,70.4681116,22590.075683149727,22.59,12.198,False,0.198,OUTSIDE_12_NM_MARITIME_ZONE,CRZ-IV maritime zone concept (12 nautical miles)
GJ-VER-0046,20.66060644,70.46677474,18063.082739424095,18.063,9.753,True,2.232,WITHIN_12_NM_MARITIME_ZONE,CRZ-IV maritime zone concept (12 nautical miles)
GJ-VER-0047,20.70564424,70.4654343,13808.849630375556,13.809,7.456,True,4.544,WITHIN_12_NM_MARITIME_ZONE,CRZ-IV maritime zone concept (12 nautical miles)
GJ-VER-0048,20.75068172,70.46409028,9742.043304371251,9.742,5.26,True,6.74,WITHIN_12_NM_MARITIME_ZONE,CRZ-IV maritime zone concept (12 nautical miles)
GJ-VER-0049,20.79571889,70.46274267,5675.461581313824,5.675,3.065,True,9.033,WITHIN_12_NM_MARITIME_ZONE,CRZ-IV maritime zone concept (12 nautical miles)
GJ-VER-0050,20.84075574,70.46139146,912.9847737488132,0.913,0.493,True,11.499,WITHIN_12_NM_MARITIME_ZONE,CRZ-IV maritime zone concept (12 nautical miles)
GJ-VER-0051,20.61681869,70.51595063,20551.034473446456,20.551,11.097,True,0.903,WITHIN_12_NM_MARITIME_ZONE,CRZ-IV maritime zone concept (12 nautical miles)
GJ-VER-0052,20.66185978,70.51462777,15998.638416921709,15.999,8.639,True,3.361,WITHIN_12_NM_MARITIME_ZONE,CRZ-IV maritime zone concept (12 nautical miles)
GJ-VER-0053,20.70690056,70.51330136,11446.759863006528,11.447,6.181,True,5.819,WITHIN_12_NM_MARITIME_ZONE,CRZ-IV maritime zone concept (12 nautical miles)
GJ-VER-0054,20.75194103,70.51197141,6911.253067584602,6.911,3.732,True,8.254,WITHIN_12_NM_MARITIME_ZONE,CRZ-IV maritime zone concept (12 nautical miles)
GJ-VER-0055,20.79698117,70.5106379,2787.347867805204,2.787,1.505,True,10.495,WITHIN_12_NM_MARITIME_ZONE,CRZ-IV maritime zone concept (12 nautical miles)
GJ-VER-0056,20.61805589,70.5637932,18512.413276553165,18.512,9.996,True,2.004,WITHIN_12_NM_MARITIME_ZONE,CRZ-IV maritime zone concept (12 nautical miles)
GJ-VER-0057,20.66309993,70.56248433,13959.667169514536,13.96,7.538,True,4.462,WITHIN_12_NM_MARITIME_ZONE,CRZ-IV maritime zone concept (12 nautical miles)
GJ-VER-0058,20.70814365,70.56117196,9407.082039599587,9.407,5.079,True,6.921,WITHIN_12_NM_MARITIME_ZONE,CRZ-IV maritime zone concept (12 nautical miles)
GJ-VER-0059,20.75318706,70.55985608,4854.65699202098,4.855,2.621,True,9.379,WITHIN_12_NM_MARITIME_ZONE,CRZ-IV maritime zone concept (12 nautical miles)
GJ-VER-0060,20.57423265,70.61293066,20565.024357037175,20.565,11.104,True,0.89,WITHIN_12_NM_MARITIME_ZONE,CRZ-IV maritime zone concept (12 nautical miles)
GJ-VER-0061,20.61927992,70.61163926,16473.63124854106,16.474,8.895,True,3.105,WITHIN_12_NM_MARITIME_ZONE,CRZ-IV maritime zone concept (12 nautical miles)
GJ-VER-0062,20.66432687,70.6103444,11920.53538562056,11.921,6.437,True,5.563,WITHIN_12_NM_MARITIME_ZONE,CRZ-IV maritime zone concept (12 nautical miles)
GJ-VER-0063,20.7093735,70.60904607,7367.601085425897,7.368,3.978,True,8.022,WITHIN_12_NM_MARITIME_ZONE,CRZ-IV maritime zone concept (12 nautical miles)
GJ-VER-0064,20.75441983,70.60774428,2814.8256340651856,2.815,1.52,True,10.48,WITHIN_12_NM_MARITIME_ZONE,CRZ-IV maritime zone concept (12 nautical miles)
GJ-VER-0065,20.57544062,70.66076621,17872.438428466416,17.872,9.65,True,2.344,WITHIN_12_NM_MARITIME_ZONE,CRZ-IV maritime zone concept (12 nautical miles)
GJ-VER-0066,20.62049076,70.65948879,13584.809342664752,13.585,7.335,True,4.659,WITHIN_12_NM_MARITIME_ZONE,CRZ-IV maritime zone concept (12 nautical miles)
GJ-VER-0067,20.66554059,70.65820794,9666.2023345279,9.666,5.219,True,6.794,WITHIN_12_NM_MARITIME_ZONE,CRZ-IV maritime zone concept (12 nautical miles)
GJ-VER-0068,20.71059011,70.65692366,5327.958830022111,5.328,2.877,True,9.126,WITHIN_12_NM_MARITIME_ZONE,CRZ-IV maritime zone concept (12 nautical miles)
GJ-VER-0069,20.75563932,70.65563594,774.8348632333172,0.775,0.418,True,11.582,WITHIN_12_NM_MARITIME_ZONE,CRZ-IV maritime zone concept (12 nautical miles)
GJ-VER-0070,20.53158213,70.70986525,20934.034897506088,20.934,11.303,True,0.682,WITHIN_12_NM_MARITIME_ZONE,CRZ-IV maritime zone concept (12 nautical miles)
GJ-VER-0071,20.57663543,70.70860519,16047.658240310735,16.048,8.665,True,3.325,WITHIN_12_NM_MARITIME_ZONE,CRZ-IV maritime zone concept (12 nautical miles)
GJ-VER-0072,20.62168842,70.70734174,11252.379223215272,11.252,6.076,True,5.912,WITHIN_12_NM_MARITIME_ZONE,CRZ-IV maritime zone concept (12 nautical miles)
GJ-VER-0073,20.6667411,70.7060749,6729.966174179678,6.73,3.634,True,8.366,WITHIN_12_NM_MARITIME_ZONE,CRZ-IV maritime zone concept (12 nautical miles)
GJ-VER-0074,20.71179348,70.70480468,2649.6590784070977,2.65,1.431,True,10.569,WITHIN_12_NM_MARITIME_ZONE,CRZ-IV maritime zone concept (12 nautical miles)
GJ-VER-0075,20.53276097,70.75769366,19919.099446439708,19.919,10.755,True,1.237,WITHIN_12_NM_MARITIME_ZONE,CRZ-IV maritime zone concept (12 nautical miles)
GJ-VER-0076,20.57781709,70.75644754,15265.414910154943,15.265,8.243,True,3.759,WITHIN_12_NM_MARITIME_ZONE,CRZ-IV maritime zone concept (12 nautical miles)
GJ-VER-0077,20.6228729,70.75519808,10691.737268450388,10.692,5.773,True,6.363,WITHIN_12_NM_MARITIME_ZONE,CRZ-IV maritime zone concept (12 nautical miles)
GJ-VER-0078,20.66792839,70.75394526,5717.602693096549,5.718,3.087,True,9.021,WITHIN_12_NM_MARITIME_ZONE,CRZ-IV maritime zone concept (12 nautical miles)
GJ-VER-0079,20.71298359,70.75268909,744.0894839844935,0.744,0.402,True,11.695,WITHIN_12_NM_MARITIME_ZONE,CRZ-IV maritime zone concept (12 nautical miles)
GJ-VER-0080,20.53392669,70.80552542,18771.513330985414,18.772,10.136,True,1.853,WITHIN_12_NM_MARITIME_ZONE,CRZ-IV maritime zone concept (12 nautical miles)
GJ-VER-0081,20.57898558,70.80429325,13818.037920527799,13.818,7.461,True,4.525,WITHIN_12_NM_MARITIME_ZONE,CRZ-IV maritime zone concept (12 nautical miles)
GJ-VER-0082,20.62404418,70.80305777,8905.940605798585,8.906,4.809,True,7.177,WITHIN_12_NM_MARITIME_ZONE,CRZ-IV maritime zone concept (12 nautical miles)
GJ-VER-0083,20.66910246,70.80181898,4155.457199376425,4.155,2.244,True,9.756,WITHIN_12_NM_MARITIME_ZONE,CRZ-IV maritime zone concept (12 nautical miles)
GJ-VER-0084,20.53507927,70.85336048,18518.712438943752,18.519,9.999,True,2.001,WITHIN_12_NM_MARITIME_ZONE,CRZ-IV maritime zone concept (12 nautical miles)
GJ-VER-0085,20.58014092,70.85214226,13531.283792754411,13.531,7.306,True,4.694,WITHIN_12_NM_MARITIME_ZONE,CRZ-IV maritime zone concept (12 nautical miles)
GJ-VER-0086,20.62520226,70.85092077,8543.84611883122,8.544,4.613,True,7.387,WITHIN_12_NM_MARITIME_ZONE,CRZ-IV maritime zone concept (12 nautical miles)
GJ-VER-0087,20.6702633,70.84969601,3556.3983099279876,3.556,1.92,True,10.08,WITHIN_12_NM_MARITIME_ZONE,CRZ-IV maritime zone concept (12 nautical miles)
GJ-VER-0088,20.53621871,70.9011988,18701.141555206897,18.701,10.098,True,1.902,WITHIN_12_NM_MARITIME_ZONE,CRZ-IV maritime zone concept (12 nautical miles)
GJ-VER-0089,20.58128308,70.89999455,13713.327852791688,13.713,7.405,True,4.595,WITHIN_12_NM_MARITIME_ZONE,CRZ-IV maritime zone concept (12 nautical miles)
GJ-VER-0090,20.62634715,70.89878705,8725.5041916418,8.726,4.711,True,7.289,WITHIN_12_NM_MARITIME_ZONE,CRZ-IV maritime zone concept (12 nautical miles)
GJ-VER-0091,20.67141091,70.89757632,3737.6718035672284,3.738,2.018,True,9.982,WITHIN_12_NM_MARITIME_ZONE,CRZ-IV maritime zone concept (12 nautical miles)
GJ-VER-0092,20.53734501,70.94904036,18885.102035519823,18.885,10.197,True,1.803,WITHIN_12_NM_MARITIME_ZONE,CRZ-IV maritime zone concept (12 nautical miles)
GJ-VER-0093,20.58241207,70.94785006,13896.978500867484,13.897,7.504,True,4.496,WITHIN_12_NM_MARITIME_ZONE,CRZ-IV maritime zone concept (12 nautical miles)
GJ-VER-0094,20.62747883,70.94665657,8908.845277962797,8.909,4.81,True,7.19,WITHIN_12_NM_MARITIME_ZONE,CRZ-IV maritime zone concept (12 nautical miles)
GJ-VER-0095,20.67254529,70.94545987,3920.7022367628047,3.921,2.117,True,9.883,WITHIN_12_NM_MARITIME_ZONE,CRZ-IV maritime zone concept (12 nautical miles)
GJ-VER-0096,20.53845817,70.99688511,19070.52541760824,19.071,10.297,True,1.694,WITHIN_12_NM_MARITIME_ZONE,CRZ-IV maritime zone concept (12 nautical miles)
GJ-VER-0097,20.58352789,70.99570878,14088.648834495734,14.089,7.607,True,4.38,WITHIN_12_NM_MARITIME_ZONE,CRZ-IV maritime zone concept (12 nautical miles)
GJ-VER-0098,20.62859731,70.99452929,9117.718367836007,9.118,4.923,True,7.067,WITHIN_12_NM_MARITIME_ZONE,CRZ-IV maritime zone concept (12 nautical miles)
GJ-VER-0099,20.67366643,70.99334663,4196.794340537221,4.197,2.266,True,9.722,WITHIN_12_NM_MARITIME_ZONE,CRZ-IV maritime zone concept (12 nautical miles)
GJ-VER-0100,20.53955818,71.04473301,19974.616148764166,19.975,10.785,True,1.212,WITHIN_12_NM_MARITIME_ZONE,CRZ-IV maritime zone concept (12 nautical miles)
GJ-VER-0101,20.58463052,71.04357065,15289.787805408581,15.29,8.256,True,3.738,WITHIN_12_NM_MARITIME_ZONE,CRZ-IV maritime zone concept (12 nautical miles)
GJ-VER-0102,20.62970257,71.04240517,10881.540685631726,10.882,5.876,True,6.123,WITHIN_12_NM_MARITIME_ZONE,CRZ-IV maritime zone concept (12 nautical miles)
GJ-VER-0103,20.67477432,71.04123656,6727.088999473665,6.727,3.632,True,8.584,WITHIN_12_NM_MARITIME_ZONE,CRZ-IV maritime zone concept (12 nautical miles)
GJ-VER-0104,20.71984577,71.04006482,2337.115717836669,2.337,1.262,True,11.154,WITHIN_12_NM_MARITIME_ZONE,CRZ-IV maritime zone concept (12 nautical miles)
GJ-VER-0105,20.54064504,71.09258403,22003.095979411264,22.003,11.881,True,0.108,WITHIN_12_NM_MARITIME_ZONE,CRZ-IV maritime zone concept (12 nautical miles)
GJ-VER-0106,20.58571998,71.09143565,17237.21531095175,17.237,9.307,True,2.679,WITHIN_12_NM_MARITIME_ZONE,CRZ-IV maritime zone concept (12 nautical miles)
GJ-VER-0107,20.63079462,71.09028418,12326.038792525706,12.326,6.656,True,5.331,WITHIN_12_NM_MARITIME_ZONE,CRZ-IV maritime zone concept (12 nautical miles)
GJ-VER-0108,20.67586897,71.08912962,7522.804244010669,7.523,4.062,True,7.924,WITHIN_12_NM_MARITIME_ZONE,CRZ-IV maritime zone concept (12 nautical miles)
GJ-VER-0109,20.72094302,71.08797196,3162.30612563289,3.162,1.708,True,10.342,WITHIN_12_NM_MARITIME_ZONE,CRZ-IV maritime zone concept (12 nautical miles)
GJ-VER-0110,20.58679624,71.13930373,18661.109478101014,18.661,10.076,True,1.91,WITHIN_12_NM_MARITIME_ZONE,CRZ-IV maritime zone concept (12 nautical miles)
GJ-VER-0111,20.63187345,71.13816627,14249.047740604603,14.249,7.694,True,4.314,WITHIN_12_NM_MARITIME_ZONE,CRZ-IV maritime zone concept (12 nautical miles)
GJ-VER-0112,20.67695037,71.13702577,9557.919714824171,9.558,5.161,True,6.852,WITHIN_12_NM_MARITIME_ZONE,CRZ-IV maritime zone concept (12 nautical miles)
GJ-VER-0113,20.72202699,71.13588221,4855.254544203421,4.855,2.622,True,9.478,WITHIN_12_NM_MARITIME_ZONE,CRZ-IV maritime zone concept (12 nautical miles)
GJ-VER-0114,20.58785932,71.18717485,20281.37916462252,20.281,10.951,True,1.04,WITHIN_12_NM_MARITIME_ZONE,CRZ-IV maritime zone concept (12 nautical miles)
GJ-VER-0115,20.63293906,71.18605142,15443.815109842159,15.444,8.339,True,3.645,WITHIN_12_NM_MARITIME_ZONE,CRZ-IV maritime zone concept (12 nautical miles)
GJ-VER-0116,20.67801851,71.18492497,10749.617893020073,10.75,5.804,True,6.182,WITHIN_12_NM_MARITIME_ZONE,CRZ-IV maritime zone concept (12 nautical miles)
GJ-VER-0117,20.72309767,71.1837955,6229.928699394106,6.23,3.364,True,8.636,WITHIN_12_NM_MARITIME_ZONE,CRZ-IV maritime zone concept (12 nautical miles)
GJ-VER-0118,20.76817653,71.18266302,1712.2693103917118,1.712,0.925,True,11.075,WITHIN_12_NM_MARITIME_ZONE,CRZ-IV maritime zone concept (12 nautical miles)
GJ-VER-0119,20.5889092,71.23504899,21910.49555009388,21.91,11.831,True,0.169,WITHIN_12_NM_MARITIME_ZONE,CRZ-IV maritime zone concept (12 nautical miles)
GJ-VER-0120,20.63399145,71.23393958,17392.963113425907,17.393,9.391,True,2.609,WITHIN_12_NM_MARITIME_ZONE,CRZ-IV maritime zone concept (12 nautical miles)
GJ-VER-0121,20.6790734,71.23282719,12875.27172347942,12.875,6.952,True,5.048,WITHIN_12_NM_MARITIME_ZONE,CRZ-IV maritime zone concept (12 nautical miles)
GJ-VER-0122,20.72415507,71.23171182,8357.419609465771,8.357,4.513,True,7.487,WITHIN_12_NM_MARITIME_ZONE,CRZ-IV maritime zone concept (12 nautical miles)
GJ-VER-0123,20.76923643,71.23059347,3839.409954152027,3.839,2.073,True,9.927,WITHIN_12_NM_MARITIME_ZONE,CRZ-IV maritime zone concept (12 nautical miles)
GJ-VER-0124,20.63503061,71.28183071,19521.315015188764,19.521,10.541,True,1.459,WITHIN_12_NM_MARITIME_ZONE,CRZ-IV maritime zone concept (12 nautical miles)
GJ-VER-0125,20.68011503,71.28073239,15003.273191226837,15.003,8.101,True,3.899,WITHIN_12_NM_MARITIME_ZONE,CRZ-IV maritime zone concept (12 nautical miles)
GJ-VER-0126,20.72519917,71.27963113,10485.070985021444,10.485,5.661,True,6.339,WITHIN_12_NM_MARITIME_ZONE,CRZ-IV maritime zone concept (12 nautical miles)
GJ-VER-0127,20.77028301,71.27852692,5966.710121858942,5.967,3.222,True,8.778,WITHIN_12_NM_MARITIME_ZONE,CRZ-IV maritime zone concept (12 nautical miles)
GJ-VER-0128,20.81536657,71.27741976,1448.188830019323,1.448,0.782,True,11.218,WITHIN_12_NM_MARITIME_ZONE,CRZ-IV maritime zone concept (12 nautical miles)
GJ-VER-0129,20.63605653,71.32972479,21649.827662793996,21.65,11.69,True,0.31,WITHIN_12_NM_MARITIME_ZONE,CRZ-IV maritime zone concept (12 nautical miles)
GJ-VER-0130,20.6811434,71.32864054,17131.434002950486,17.131,9.25,True,2.75,WITHIN_12_NM_MARITIME_ZONE,CRZ-IV maritime zone concept (12 nautical miles)
GJ-VER-0131,20.72622998,71.32755338,12612.880826066421,12.613,6.81,True,5.19,WITHIN_12_NM_MARITIME_ZONE,CRZ-IV maritime zone concept (12 nautical miles)
GJ-VER-0132,20.77131627,71.32646331,8094.168339718862,8.094,4.371,True,7.63,WITHIN_12_NM_MARITIME_ZONE,CRZ-IV maritime zone concept (12 nautical miles)
GJ-VER-0133,20.81640226,71.32537034,3575.2982078125006,3.575,1.931,True,10.138,WITHIN_12_NM_MARITIME_ZONE,CRZ-IV maritime zone concept (12 nautical miles)
GJ-VER-0134,20.6821585,71.37655158,19259.753678855795,19.26,10.399,True,1.609,WITHIN_12_NM_MARITIME_ZONE,CRZ-IV maritime zone concept (12 nautical miles)
GJ-VER-0135,20.72724749,71.37547854,14358.18746756057,14.358,7.753,True,4.247,WITHIN_12_NM_MARITIME_ZONE,CRZ-IV maritime zone concept (12 nautical miles)
GJ-VER-0136,20.77233619,71.37440262,9424.417918693707,9.424,5.089,True,6.911,WITHIN_12_NM_MARITIME_ZONE,CRZ-IV maritime zone concept (12 nautical miles)
GJ-VER-0137,20.8174246,71.37332383,4490.593921071218,4.491,2.425,True,9.575,WITHIN_12_NM_MARITIME_ZONE,CRZ-IV maritime zone concept (12 nautical miles)
GJ-VER-0138,20.77334278,71.4223448,10496.180590152084,10.496,5.667,True,6.333,WITHIN_12_NM_MARITIME_ZONE,CRZ-IV maritime zone concept (12 nautical miles)
GJ-VER-0139,20.81843357,71.4212802,5715.282091482456,5.715,3.086,True,8.914,WITHIN_12_NM_MARITIME_ZONE,CRZ-IV maritime zone concept (12 nautical miles)
GJ-VER-0140,20.86352407,71.42021276,934.2775975739152,0.934,0.504,True,11.496,WITHIN_12_NM_MARITIME_ZONE,CRZ-IV maritime zone concept (12 nautical miles)
