node_id,latitude,longitude,district,zone_type,observation_time,wave_height_m,wave_direction_deg,wave_period_s,swell_wave_height_m,swell_wave_direction_deg,swell_wave_period_s,ocean_current_velocity_kmh,ocean_current_direction_deg,sst_celsius,wind_speed_kmph,wind_direction_deg,precipitation_mm,safe_to_venture,hazard_type,distance_from_veraval_nm,distance_from_veraval_km
GJ-VER-0001,20.87516585,70.07678103,Gir Somnath,22.2 km seaward operational buffer,2026-09-01T00:15,2.22,238,8.3,1.74,239,7.05,2.3,122,26.9,30.8,248,0.0,True,No hazard,15.957,29.552
GJ-VER-0002,20.92017704,70.07530903,Gir Somnath,22.2 km seaward operational buffer,2026-09-01T00:15,2.1,240,8.3,1.68,240,7.1,2.3,122,26.6,30.4,248,0.0,True,No hazard,16.013,29.656
GJ-VER-0003,20.9651879,70.07383312,Gir Somnath,22.2 km seaward operational buffer,2026-09-01T00:15,2.1,240,8.3,1.68,240,7.1,2.3,122,26.6,19.2,248,0.0,True,No hazard,16.518,30.591
GJ-VER-0004,21.01019843,70.0723533,Gir Somnath,22.2 km seaward operational buffer,2026-09-01T00:15,1.68,239,8.5,1.42,241,7.2,2.2,125,26.3,19.2,248,0.0,True,No hazard,17.433,32.285
GJ-VER-0005,21.05520861,70.07086956,Gir Somnath,22.2 km seaward operational buffer,2026-09-01T00:15,1.68,239,8.5,1.42,241,7.2,2.2,125,26.3,19.2,248,0.0,True,No hazard,18.697,34.626
GJ-VER-0006,21.10021846,70.06938189,Gir Somnath,22.2 km seaward operational buffer,2026-09-01T00:15,1.46,241,8.3,1.28,242,7.1,1.9,124,26.0,17.6,247,0.0,True,No hazard,20.245,37.494
GJ-VER-0007,20.83152605,70.12612866,Gir Somnath,22.2 km seaward operational buffer,2026-09-01T00:15,2.34,237,8.4,1.9,238,7.05,2.5,120,27.0,31.3,248,0.0,True,No hazard,13.75,25.465
GJ-VER-0008,20.87654082,70.12467471,Gir Somnath,22.2 km seaward operational buffer,2026-09-01T00:15,2.22,237,8.35,1.78,238,7.0,2.6,124,26.7,31.3,248,0.0,True,No hazard,13.275,24.586
GJ-VER-0009,20.92155525,70.12321689,Gir Somnath,22.2 km seaward operational buffer,2026-09-01T00:15,2.08,237,8.4,1.68,238,7.0,2.4,126,26.4,29.5,248,0.0,True,No hazard,13.343,24.711
GJ-VER-0010,20.96656935,70.1217552,Gir Somnath,22.2 km seaward operational buffer,2026-09-01T00:15,2.08,237,8.4,1.68,238,7.0,2.4,126,26.4,19.2,248,0.0,True,No hazard,13.945,25.827
GJ-VER-0011,21.01158311,70.12028964,Gir Somnath,22.2 km seaward operational buffer,2026-09-01T00:15,1.66,233,8.65,1.42,236,7.0,2.2,132,26.2,19.2,248,0.0,True,No hazard,15.018,27.812
GJ-VER-0012,21.05659653,70.11882019,Gir Somnath,22.2 km seaward operational buffer,2026-09-01T00:15,1.66,233,8.65,1.42,236,7.0,2.2,132,26.2,19.2,248,0.0,True,No hazard,16.468,30.5
GJ-VER-0013,20.7878662,70.17544804,Gir Somnath,22.2 km seaward operational buffer,2026-09-01T00:15,2.32,237,8.35,1.88,237,7.05,2.7,118,26.8,31.4,248,0.0,True,No hazard,12.352,22.875
GJ-VER-0014,20.8328845,70.17401206,Gir Somnath,22.2 km seaward operational buffer,2026-09-01T00:15,2.32,237,8.35,1.88,237,7.05,2.7,118,26.8,31.3,248,0.0,True,No hazard,11.185,20.716
GJ-VER-0015,20.87790246,70.17257226,Gir Somnath,22.2 km seaward operational buffer,2026-09-01T00:15,2.22,237,8.35,1.82,237,7.0,2.6,124,26.4,31.3,248,0.0,True,No hazard,10.597,19.626
GJ-VER-0016,20.9229201,70.17112863,Gir Somnath,22.2 km seaward operational buffer,2026-09-01T00:15,2.08,236,8.45,1.76,237,6.9,2.3,122,26.2,19.7,249,0.0,True,No hazard,10.682,19.783
GJ-VER-0017,20.9679374,70.16968116,Gir Somnath,22.2 km seaward operational buffer,2026-09-01T00:15,2.08,236,8.45,1.76,237,6.9,2.3,122,26.2,19.2,248,0.0,True,No hazard,11.426,21.16
GJ-VER-0018,21.01295437,70.16822986,Gir Somnath,22.2 km seaward operational buffer,2026-09-01T00:15,1.66,233,8.65,1.42,236,7.0,1.9,131,26.4,19.2,248,0.0,True,No hazard,12.712,23.543
GJ-VER-0019,20.78920817,70.22332115,Gir Somnath,22.2 km seaward operational buffer,2026-09-01T00:15,2.32,237,8.35,1.88,237,7.05,2.7,118,26.8,32.8,249,0.0,True,No hazard,10.152,18.802
GJ-VER-0020,20.83422964,70.22189929,Gir Somnath,22.2 km seaward operational buffer,2026-09-01T00:15,2.22,237,8.35,1.82,237,7.0,2.6,124,26.4,31.7,250,0.0,True,No hazard,8.696,16.105
GJ-VER-0021,20.87925078,70.22047364,Gir Somnath,22.2 km seaward operational buffer,2026-09-01T00:15,2.22,237,8.35,1.82,237,7.0,2.6,124,26.4,19.7,249,0.0,True,No hazard,7.925,14.677
GJ-VER-0022,20.92427159,70.2190442,Gir Somnath,22.2 km seaward operational buffer,2026-09-01T00:15,2.08,236,8.45,1.76,237,6.9,2.3,122,26.2,19.7,249,0.0,True,No hazard,8.039,14.888
GJ-VER-0023,20.96929207,70.21761096,Gir Somnath,22.2 km seaward operational buffer,2026-09-01T00:15,2.08,236,8.45,1.76,237,6.9,2.3,122,26.2,19.7,249,0.0,True,No hazard,9.004,16.675
GJ-VER-0024,20.74551194,70.27260204,Gir Somnath,22.2 km seaward operational buffer,2026-09-01T00:15,2.36,239,8.3,1.9,240,7.05,2.6,115,26.7,32.8,249,0.0,True,No hazard,10.492,19.432
GJ-VER-0025,20.79053688,70.27119804,Gir Somnath,22.2 km seaward operational buffer,2026-09-01T00:15,2.28,237,8.3,1.84,237,7.05,2.7,118,26.2,32.8,249,0.0,True,No hazard,8.248,15.274
GJ-VER-0026,20.83556148,70.2697903,Gir Somnath,22.2 km seaward operational buffer,2026-09-01T00:15,2.18,237,8.35,1.82,237,6.95,2.5,120,26.0,20.1,250,0.0,True,No hazard,6.37,11.798
GJ-VER-0027,20.88058576,70.26837881,Gir Somnath,22.2 km seaward operational buffer,2026-09-01T00:15,2.18,237,8.35,1.82,237,6.95,2.5,120,26.0,19.7,249,0.0,True,No hazard,5.27,9.76
GJ-VER-0028,20.92560971,70.26696356,Gir Somnath,22.2 km seaward operational buffer,2026-09-01T00:15,2.18,237,8.35,1.82,237,6.95,1.9,131,25.9,19.7,249,0.0,True,No hazard,5.44,10.075
GJ-VER-0029,20.7017959,70.32185479,Gir Somnath,22.2 km seaward operational buffer,2026-09-01T00:15,2.36,239,8.3,1.9,240,7.05,2.6,115,26.7,31.1,249,0.0,True,No hazard,12.091,22.393
GJ-VER-0030,20.74682427,70.32046858,Gir Somnath,22.2 km seaward operational buffer,2026-09-01T00:15,2.36,239,8.3,1.9,240,7.05,2.6,115,26.7,31.6,249,0.0,True,No hazard,9.461,17.521
GJ-VER-0031,20.7918523,70.31907867,Gir Somnath,22.2 km seaward operational buffer,2026-09-01T00:15,2.28,237,8.3,1.84,237,7.05,2.7,118,26.2,31.6,249,0.0,True,No hazard,6.887,12.755
GJ-VER-0032,20.83688002,70.31768506,Gir Somnath,22.2 km seaward operational buffer,2026-09-01T00:15,2.18,237,8.35,1.82,237,6.95,2.5,120,26.0,20.1,250,0.0,True,No hazard,4.472,8.282
GJ-VER-0033,20.8819074,70.31628773,Gir Somnath,22.2 km seaward operational buffer,2026-09-01T00:15,2.18,237,8.35,1.82,237,6.95,2.5,120,26.0,20.1,250,0.0,True,No hazard,2.682,4.967
GJ-VER-0034,20.92693447,70.31488669,Gir Somnath,22.2 km seaward operational buffer,2026-09-01T00:15,2.18,237,8.35,1.82,237,6.95,1.9,131,25.9,19.7,249,0.0,True,No hazard,3.003,5.561
GJ-VER-0035,20.70309191,70.36971098,Gir Somnath,22.2 km seaward operational buffer,2026-09-01T00:15,2.28,239,8.3,1.82,240,7.05,2.7,113,26.5,31.1,249,0.0,True,No hazard,11.835,21.918
GJ-VER-0036,20.74812334,70.36833883,Gir Somnath,22.2 km seaward operational buffer,2026-09-01T00:15,2.28,239,8.3,1.82,240,7.05,2.7,113,26.5,31.6,249,0.0,True,No hazard,9.131,16.91
GJ-VER-0037,20.79315445,70.36696301,Gir Somnath,22.2 km seaward operational buffer,2026-09-01T00:15,2.2,237,8.3,1.8,237,7.0,2.7,118,26.1,31.6,249,0.0,True,No hazard,6.427,11.903
GJ-VER-0038,20.83818524,70.36558353,Gir Somnath,22.2 km seaward operational buffer,2026-09-01T00:15,2.1,237,8.35,1.78,237,6.85,2.5,120,25.8,20.1,250,0.0,True,No hazard,3.725,6.898
GJ-VER-0039,20.88321571,70.36420037,Gir Somnath,22.2 km seaward operational buffer,2026-09-01T00:15,2.1,237,8.35,1.78,237,6.85,2.5,120,25.8,20.1,250,0.0,True,No hazard,1.035,1.917
GJ-VER-0040,20.65933989,70.4189253,Gir Somnath,22.2 km seaward operational buffer,2026-09-01T00:15,2.28,241,8.2,1.8,240,7.0,2.8,108,26.6,29.7,250,0.0,True,No hazard,14.823,27.452
GJ-VER-0041,20.70437469,70.41757083,Gir Somnath,22.2 km seaward operational buffer,2026-09-01T00:15,2.18,239,8.25,1.78,239,7.0,2.9,112,26.1,29.7,249,0.0,True,No hazard,12.182,22.561
GJ-VER-0042,20.74940916,70.41621274,Gir Somnath,22.2 km seaward operational buffer,2026-09-01T00:15,2.28,239,8.3,1.82,240,7.05,2.7,113,26.5,20.0,249,0.0,True,No hazard,9.576,17.735
GJ-VER-0043,20.79444332,70.41485102,Gir Somnath,22.2 km seaward operational buffer,2026-09-01T00:15,2.2,237,8.3,1.8,237,7.0,2.7,118,26.1,20.0,249,0.0,True,No hazard,7.045,13.048
GJ-VER-0044,20.83947715,70.41348568,Gir Somnath,22.2 km seaward operational buffer,2026-09-01T00:15,2.1,237,8.35,1.78,237,6.85,2.5,120,25.8,20.1,250,0.0,True,No hazard,4.713,8.728
GJ-VER-0045,20.61556832,70.4681116,Gir Somnath,22.2 km seaward operational buffer,2026-09-01T00:15,2.28,241,8.2,1.8,240,7.0,2.8,108,26.6,29.9,250,0.0,True,No hazard,18.124,33.566
GJ-VER-0046,20.66060644,70.46677474,Gir Somnath,22.2 km seaward operational buffer,2026-09-01T00:15,2.28,241,8.2,1.8,240,7.0,2.8,108,26.6,29.9,250,0.0,True,No hazard,15.573,28.841
GJ-VER-0047,20.70564424,70.4654343,Gir Somnath,22.2 km seaward operational buffer,2026-09-01T00:15,2.18,239,8.25,1.78,239,7.0,2.9,112,26.1,29.7,249,0.0,True,No hazard,13.084,24.231
GJ-VER-0048,20.75068172,70.46409028,Gir Somnath,22.2 km seaward operational buffer,2026-09-01T00:15,2.08,237,8.35,1.74,237,6.9,2.7,118,25.6,20.0,249,0.0,True,No hazard,10.7,19.817
GJ-VER-0049,20.79571889,70.46274267,Gir Somnath,22.2 km seaward operational buffer,2026-09-01T00:15,2.08,237,8.35,1.74,237,6.9,2.7,118,25.6,20.0,249,0.0,True,No hazard,8.511,15.762
GJ-VER-0050,20.84075574,70.46139146,Gir Somnath,22.2 km seaward operational buffer,2026-09-01T00:15,2.08,237,8.35,1.74,237,6.9,2.2,132,25.2,20.0,249,0.0,True,No hazard,6.709,12.425
GJ-VER-0051,20.61681869,70.51595063,Gir Somnath,22.2 km seaward operational buffer,2026-09-01T00:15,2.2,241,8.15,1.76,240,7.0,3.0,107,26.2,29.9,250,0.0,True,No hazard,19.124,35.418
GJ-VER-0052,20.66185978,70.51462777,Gir Somnath,22.2 km seaward operational buffer,2026-09-01T00:15,2.2,241,8.15,1.76,240,7.0,3.0,107,26.2,29.9,250,0.0,True,No hazard,16.726,30.977
GJ-VER-0053,20.70690056,70.51330136,Gir Somnath,22.2 km seaward operational buffer,2026-09-01T00:15,2.08,239,8.3,1.7,239,7.0,2.9,112,25.8,28.9,249,0.0,True,No hazard,14.438,26.739
GJ-VER-0054,20.75194103,70.51197141,Gir Somnath,22.2 km seaward operational buffer,2026-09-01T00:15,1.9,237,8.35,1.62,238,6.8,2.7,113,25.4,20.0,249,0.0,True,No hazard,12.319,22.815
GJ-VER-0055,20.79698117,70.5106379,Gir Somnath,22.2 km seaward operational buffer,2026-09-01T00:15,1.9,237,8.35,1.62,238,6.8,2.7,113,25.4,20.0,249,0.0,True,No hazard,10.474,19.397
GJ-VER-0056,20.61805589,70.5637932,Gir Somnath,22.2 km seaward operational buffer,2026-09-01T00:15,2.2,241,8.15,1.76,240,7.0,3.0,107,26.2,30.5,250,0.0,True,No hazard,20.432,37.84
GJ-VER-0057,20.66309993,70.56248433,Gir Somnath,22.2 km seaward operational buffer,2026-09-01T00:15,2.2,241,8.15,1.76,240,7.0,3.0,107,26.2,30.5,250,0.0,True,No hazard,18.207,33.72
GJ-VER-0058,20.70814365,70.56117196,Gir Somnath,22.2 km seaward operational buffer,2026-09-01T00:15,2.08,239,8.3,1.7,239,7.0,2.9,112,25.8,28.9,249,0.0,True,No hazard,16.13,29.873
GJ-VER-0059,20.75318706,70.55985608,Gir Somnath,22.2 km seaward operational buffer,2026-09-01T00:15,1.9,237,8.35,1.62,238,6.8,2.7,113,25.4,18.3,249,0.0,True,No hazard,14.265,26.418
GJ-VER-0060,20.57423265,70.61293066,Gir Somnath,22.2 km seaward operational buffer,2026-09-01T00:15,2.24,242,8.1,1.8,241,6.95,2.9,101,26.5,30.6,251,0.0,True,No hazard,24.172,44.766
GJ-VER-0061,20.61927992,70.61163926,Gir Somnath,22.2 km seaward operational buffer,2026-09-01T00:15,2.14,240,8.15,1.7,238,7.05,3.2,106,25.9,30.1,250,0.0,True,No hazard,21.992,40.73
GJ-VER-0062,20.66432687,70.6103444,Gir Somnath,22.2 km seaward operational buffer,2026-09-01T00:15,2.14,240,8.15,1.7,238,7.05,3.2,106,25.9,27.3,250,0.0,True,No hazard,19.942,36.933
GJ-VER-0063,20.7093735,70.60904607,Gir Somnath,22.2 km seaward operational buffer,2026-09-01T00:15,1.92,237,8.4,1.56,238,6.9,3.1,111,25.3,19.3,249,0.0,True,No hazard,18.066,33.458
GJ-VER-0064,20.75441983,70.60774428,Gir Somnath,22.2 km seaward operational buffer,2026-09-01T00:15,1.6,236,8.35,1.36,238,6.7,2.9,112,24.9,18.3,249,0.0,True,No hazard,16.422,30.414
GJ-VER-0065,20.57544062,70.66076621,Gir Somnath,22.2 km seaward operational buffer,2026-09-01T00:15,2.24,242,8.1,1.8,241,6.95,2.9,101,26.5,30.5,250,0.0,True,No hazard,25.786,47.756
GJ-VER-0066,20.62049076,70.65948879,Gir Somnath,22.2 km seaward operational buffer,2026-09-01T00:15,2.14,240,8.15,1.7,238,7.05,3.2,106,25.9,30.1,250,0.0,True,No hazard,23.756,43.996
GJ-VER-0067,20.66554059,70.65820794,Gir Somnath,22.2 km seaward operational buffer,2026-09-01T00:15,2.14,240,8.15,1.7,238,7.05,3.2,106,25.9,30.1,250,0.0,True,No hazard,21.872,40.507
GJ-VER-0068,20.71059011,70.65692366,Gir Somnath,22.2 km seaward operational buffer,2026-09-01T00:15,1.92,237,8.4,1.56,238,6.9,3.1,111,25.3,19.3,249,0.0,True,No hazard,20.175,37.365
GJ-VER-0069,20.75563932,70.65563594,Gir Somnath,22.2 km seaward operational buffer,2026-09-01T00:15,1.6,236,8.35,1.36,238,6.7,2.9,112,24.9,19.3,249,0.0,True,No hazard,18.718,34.666
GJ-VER-0070,20.53158213,70.70986525,Gir Somnath,22.2 km seaward operational buffer,2026-09-01T00:15,2.22,242,8.05,1.82,241,6.9,3.1,100,26.2,29.6,250,0.0,True,No hazard,29.586,54.793
GJ-VER-0071,20.57663543,70.70860519,Gir Somnath,22.2 km seaward operational buffer,2026-09-01T00:15,2.22,242,8.05,1.82,241,6.9,3.1,100,26.2,30.5,250,0.0,True,No hazard,27.57,51.059
GJ-VER-0072,20.62168842,70.70734174,Gir Somnath,22.2 km seaward operational buffer,2026-09-01T00:15,2.08,239,8.15,1.68,238,6.95,3.3,103,25.6,27.9,250,0.0,True,No hazard,25.681,47.56
GJ-VER-0073,20.6667411,70.7060749,Gir Somnath,22.2 km seaward operational buffer,2026-09-01T00:15,1.74,234,8.35,1.44,236,6.8,3.4,106,25.2,23.6,250,0.0,True,No hazard,23.948,44.352
GJ-VER-0074,20.71179348,70.70480468,Gir Somnath,22.2 km seaward operational buffer,2026-09-01T00:15,1.74,234,8.35,1.44,236,6.8,3.4,106,25.2,19.3,249,0.0,True,No hazard,22.41,41.503
GJ-VER-0075,20.53276097,70.75769366,Gir Somnath,22.2 km seaward operational buffer,2026-09-01T00:15,2.2,242,8.05,1.82,241,6.9,3.3,96,26.0,29.5,249,0.0,True,No hazard,31.384,58.123
GJ-VER-0076,20.57781709,70.75644754,Gir Somnath,22.2 km seaward operational buffer,2026-09-01T00:15,2.2,242,8.05,1.82,241,6.9,3.3,96,26.0,29.5,249,0.0,True,No hazard,29.491,54.617
GJ-VER-0077,20.6228729,70.75519808,Gir Somnath,22.2 km seaward operational buffer,2026-09-01T00:15,2.08,239,8.2,1.7,238,6.9,3.3,99,25.4,27.9,250,0.0,True,No hazard,27.733,51.361
GJ-VER-0078,20.66792839,70.75394526,Gir Somnath,22.2 km seaward operational buffer,2026-09-01T00:15,1.6,234,8.3,1.34,236,6.7,3.3,103,25.1,19.3,249,0.0,True,No hazard,26.137,48.406
GJ-VER-0079,20.71298359,70.75268909,Gir Somnath,22.2 km seaward operational buffer,2026-09-01T00:15,1.6,234,8.3,1.34,236,6.7,3.3,103,25.1,19.3,249,0.0,True,No hazard,24.735,45.809
GJ-VER-0080,20.53392669,70.80552542,Gir Somnath,22.2 km seaward operational buffer,2026-09-01T00:15,2.2,242,8.05,1.82,241,6.9,3.3,96,26.0,29.5,249,0.0,True,No hazard,33.303,61.677
GJ-VER-0081,20.57898558,70.80429325,Gir Somnath,22.2 km seaward operational buffer,2026-09-01T00:15,2.2,242,8.05,1.82,241,6.9,3.3,96,26.0,29.5,249,0.0,True,No hazard,31.525,58.384
GJ-VER-0082,20.62404418,70.80305777,Gir Somnath,22.2 km seaward operational buffer,2026-09-01T00:15,2.08,239,8.2,1.7,238,6.9,3.3,99,25.4,26.1,250,0.0,True,No hazard,29.887,55.35
GJ-VER-0083,20.66910246,70.80181898,Gir Somnath,22.2 km seaward operational buffer,2026-09-01T00:15,1.6,234,8.3,1.34,236,6.7,3.3,103,25.1,17.3,248,0.0,True,No hazard,28.412,52.62
GJ-VER-0084,20.53507927,70.85336048,Gir Somnath,22.2 km seaward operational buffer,2026-09-01T00:15,2.18,242,8.0,1.8,241,6.9,3.2,90,25.9,28.6,249,0.0,True,No hazard,35.322,65.417
GJ-VER-0085,20.58014092,70.85214226,Gir Somnath,22.2 km seaward operational buffer,2026-09-01T00:15,2.18,242,8.0,1.8,241,6.9,3.2,90,25.9,28.6,249,0.0,True,No hazard,33.652,62.323
GJ-VER-0086,20.62520226,70.85092077,Gir Somnath,22.2 km seaward operational buffer,2026-09-01T00:15,2.06,238,8.25,1.72,238,6.85,3.4,93,25.3,26.1,250,0.0,True,No hazard,32.122,59.49
GJ-VER-0087,20.6702633,70.84969601,Gir Somnath,22.2 km seaward operational buffer,2026-09-01T00:15,1.52,231,8.3,1.28,232,6.6,3.1,100,25.2,16.9,248,0.0,True,No hazard,30.755,56.958
GJ-VER-0088,20.53621871,70.9011988,Gir Somnath,22.2 km seaward operational buffer,2026-09-01T00:15,2.18,242,8.0,1.8,241,6.9,3.2,90,25.9,29.2,248,0.0,True,No hazard,37.427,69.314
GJ-VER-0089,20.58128308,70.89999455,Gir Somnath,22.2 km seaward operational buffer,2026-09-01T00:15,2.18,242,8.0,1.8,241,6.9,3.2,90,25.9,28.6,249,0.0,True,No hazard,35.854,66.401
GJ-VER-0090,20.62634715,70.89878705,Gir Somnath,22.2 km seaward operational buffer,2026-09-01T00:15,2.06,238,8.25,1.72,238,6.85,3.4,93,25.3,26.7,250,0.0,True,No hazard,34.422,63.75
GJ-VER-0091,20.67141091,70.89757632,Gir Somnath,22.2 km seaward operational buffer,2026-09-01T00:15,1.52,231,8.3,1.28,232,6.6,3.1,100,25.2,16.9,248,0.0,True,No hazard,33.15,61.394
GJ-VER-0092,20.53734501,70.94904036,Gir Somnath,22.2 km seaward operational buffer,2026-09-01T00:15,2.12,242,7.95,1.76,241,6.95,3.6,87,25.9,28.7,248,0.0,True,No hazard,39.602,73.343
GJ-VER-0093,20.58241207,70.94785006,Gir Somnath,22.2 km seaward operational buffer,2026-09-01T00:15,2.12,242,7.95,1.76,241,6.95,3.6,87,25.9,28.7,248,0.0,True,No hazard,38.119,70.597
GJ-VER-0094,20.62747883,70.94665657,Gir Somnath,22.2 km seaward operational buffer,2026-09-01T00:15,2.04,237,8.25,1.68,237,6.9,3.4,87,25.3,26.7,250,0.0,True,No hazard,36.776,68.109
GJ-VER-0095,20.67254529,70.94545987,Gir Somnath,22.2 km seaward operational buffer,2026-09-01T00:15,1.44,229,8.3,1.2,230,6.6,3.4,90,25.4,17.7,249,0.0,True,No hazard,35.588,65.909
GJ-VER-0096,20.53845817,70.99688511,Gir Somnath,22.2 km seaward operational buffer,2026-09-01T00:15,2.12,242,7.95,1.76,241,6.95,3.6,87,25.9,29.3,249,0.0,True,No hazard,41.838,77.483
GJ-VER-0097,20.58352789,70.99570878,Gir Somnath,22.2 km seaward operational buffer,2026-09-01T00:15,2.04,237,8.25,1.68,237,6.9,3.4,87,25.3,29.3,249,0.0,True,No hazard,40.437,74.889
GJ-VER-0098,20.62859731,70.99452929,Gir Somnath,22.2 km seaward operational buffer,2026-09-01T00:15,2.04,237,8.25,1.68,237,6.9,3.4,87,25.3,28.6,250,0.0,True,No hazard,39.173,72.548
GJ-VER-0099,20.67366643,70.99334663,Gir Somnath,22.2 km seaward operational buffer,2026-09-01T00:15,1.44,229,8.3,1.2,230,6.6,3.4,90,25.4,17.7,249,0.0,True,No hazard,38.06,70.487
GJ-VER-0100,20.53955818,71.04473301,Gir Somnath,22.2 km seaward operational buffer,2026-09-01T00:15,2.08,243,7.95,1.7,242,7.0,3.4,84,25.9,29.3,249,0.0,True,No hazard,44.124,81.718
GJ-VER-0101,20.58463052,71.04357065,Gir Somnath,22.2 km seaward operational buffer,2026-09-01T00:15,1.9,238,8.25,1.54,237,7.0,3.5,81,25.4,29.3,249,0.0,True,No hazard,42.798,79.262
GJ-VER-0102,20.62970257,71.04240517,Gir Somnath,22.2 km seaward operational buffer,2026-09-01T00:15,1.9,238,8.25,1.54,237,7.0,3.5,81,25.4,28.6,250,0.0,True,No hazard,41.606,77.054
GJ-VER-0103,20.67477432,71.04123656,Gir Somnath,22.2 km seaward operational buffer,2026-09-01T00:15,1.36,229,8.2,1.12,229,6.65,3.5,81,25.7,18.8,250,0.0,True,No hazard,40.56,75.117
GJ-VER-0104,20.71984577,71.04006482,Gir Somnath,22.2 km seaward operational buffer,2026-09-01T00:15,1.36,229,8.2,1.12,229,6.65,3.5,81,25.7,18.8,250,0.0,True,No hazard,39.671,73.47
GJ-VER-0105,20.54064504,71.09258403,Gir Somnath,22.2 km seaward operational buffer,2026-09-01T00:15,2.06,243,7.95,1.7,242,6.95,3.5,78,25.8,29.2,250,0.0,True,No hazard,46.454,86.033
GJ-VER-0106,20.58571998,71.09143565,Gir Somnath,22.2 km seaward operational buffer,2026-09-01T00:15,1.78,238,8.1,1.42,237,7.0,3.5,75,25.5,29.2,250,0.0,True,No hazard,45.196,83.704
GJ-VER-0107,20.63079462,71.09028418,Gir Somnath,22.2 km seaward operational buffer,2026-09-01T00:15,1.78,238,8.1,1.42,237,7.0,3.5,75,25.5,29.8,249,0.0,True,No hazard,44.069,81.616
GJ-VER-0108,20.67586897,71.08912962,Gir Somnath,22.2 km seaward operational buffer,2026-09-01T00:15,1.28,231,8.05,1.02,229,6.75,3.4,72,25.7,18.8,250,0.0,True,No hazard,43.083,79.79
GJ-VER-0109,20.72094302,71.08797196,Gir Somnath,22.2 km seaward operational buffer,2026-09-01T00:15,1.28,231,8.05,1.02,229,6.75,3.4,72,25.7,18.8,250,0.0,True,No hazard,42.247,78.241
GJ-VER-0110,20.58679624,71.13930373,Gir Somnath,22.2 km seaward operational buffer,2026-09-01T00:15,1.78,238,8.1,1.42,237,7.0,3.5,75,25.5,29.2,250,0.0,True,No hazard,47.626,88.204
GJ-VER-0111,20.63187345,71.13816627,Gir Somnath,22.2 km seaward operational buffer,2026-09-01T00:15,1.78,238,8.1,1.42,237,7.0,3.5,75,25.5,29.8,249,0.0,True,No hazard,46.558,86.225
GJ-VER-0112,20.67695037,71.13702577,Gir Somnath,22.2 km seaward operational buffer,2026-09-01T00:15,1.28,231,8.05,1.02,229,6.75,3.4,72,25.7,18.8,250,0.0,True,No hazard,45.625,84.498
GJ-VER-0113,20.72202699,71.13588221,Gir Somnath,22.2 km seaward operational buffer,2026-09-01T00:15,1.28,231,8.05,1.02,229,6.75,3.4,72,25.7,18.8,250,0.0,True,No hazard,44.837,83.038
GJ-VER-0114,20.58785932,71.18717485,Gir Somnath,22.2 km seaward operational buffer,2026-09-01T00:15,1.66,238,7.95,1.28,236,7.05,3.5,69,25.7,28.2,251,0.0,True,No hazard,50.083,92.754
GJ-VER-0115,20.63293906,71.18605142,Gir Somnath,22.2 km seaward operational buffer,2026-09-01T00:15,1.66,238,7.95,1.28,236,7.05,3.5,69,25.7,30.1,250,0.0,True,No hazard,49.068,90.874
GJ-VER-0116,20.67801851,71.18492497,Gir Somnath,22.2 km seaward operational buffer,2026-09-01T00:15,1.2,233,7.75,0.92,228,6.85,3.5,66,25.8,18.8,250,0.0,True,No hazard,48.184,89.237
GJ-VER-0117,20.72309767,71.1837955,Gir Somnath,22.2 km seaward operational buffer,2026-09-01T00:15,1.2,233,7.75,0.92,228,6.85,3.5,66,25.8,18.8,250,0.0,True,No hazard,47.438,87.856
GJ-VER-0118,20.76817653,71.18266302,Gir Somnath,22.2 km seaward operational buffer,2026-09-01T00:15,0.82,227,6.95,0.58,224,6.8,3.3,68,26.4,15.6,246,0.0,True,No hazard,46.837,86.742
GJ-VER-0119,20.5889092,71.23504899,Gir Somnath,22.2 km seaward operational buffer,2026-09-01T00:15,1.66,238,7.95,1.28,236,7.05,3.5,69,25.7,28.2,251,0.0,True,No hazard,52.563,97.346
GJ-VER-0120,20.63399145,71.23393958,Gir Somnath,22.2 km seaward operational buffer,2026-09-01T00:15,1.66,238,7.95,1.28,236,7.05,3.5,69,25.7,30.1,250,0.0,True,No hazard,51.597,95.557
GJ-VER-0121,20.6790734,71.23282719,Gir Somnath,22.2 km seaward operational buffer,2026-09-01T00:15,1.2,233,7.75,0.92,228,6.85,3.5,66,25.8,30.4,250,0.0,True,No hazard,50.757,94.001
GJ-VER-0122,20.72415507,71.23171182,Gir Somnath,22.2 km seaward operational buffer,2026-09-01T00:15,1.2,233,7.75,0.92,228,6.85,3.5,66,25.8,30.4,250,0.0,True,No hazard,50.049,92.691
GJ-VER-0123,20.76923643,71.23059347,Gir Somnath,22.2 km seaward operational buffer,2026-09-01T00:15,0.82,227,6.95,0.58,224,6.8,3.3,68,26.4,17.6,247,0.0,True,No hazard,49.48,91.636
GJ-VER-0124,20.63503061,71.28183071,Gir Somnath,22.2 km seaward operational buffer,2026-09-01T00:15,1.6,238,7.8,1.22,236,7.05,3.7,67,25.9,29.5,251,0.0,True,No hazard,54.141,100.269
GJ-VER-0125,20.68011503,71.28073239,Gir Somnath,22.2 km seaward operational buffer,2026-09-01T00:15,1.18,233,7.35,0.86,228,6.85,3.7,67,26.0,30.4,250,0.0,True,No hazard,53.341,98.788
GJ-VER-0126,20.72519917,71.27963113,Gir Somnath,22.2 km seaward operational buffer,2026-09-01T00:15,1.18,233,7.35,0.86,228,6.85,3.7,67,26.0,30.4,250,0.0,True,No hazard,52.668,97.542
GJ-VER-0127,20.77028301,71.27852692,Gir Somnath,22.2 km seaward operational buffer,2026-09-01T00:15,0.84,227,6.8,0.58,224,6.8,3.8,65,26.5,17.6,247,0.0,True,No hazard,52.127,96.54
GJ-VER-0128,20.81536657,71.27741976,Gir Somnath,22.2 km seaward operational buffer,2026-09-01T00:15,0.84,227,6.8,0.58,224,6.8,3.8,65,26.5,17.6,247,0.0,True,No hazard,51.723,95.791
GJ-VER-0129,20.63605653,71.32972479,Gir Somnath,22.2 km seaward operational buffer,2026-09-01T00:15,1.6,238,7.8,1.22,236,7.05,3.7,67,25.9,29.5,251,0.0,True,No hazard,56.699,105.007
GJ-VER-0130,20.6811434,71.32864054,Gir Somnath,22.2 km seaward operational buffer,2026-09-01T00:15,1.18,233,7.35,0.86,228,6.85,3.7,67,26.0,31.9,251,0.0,True,No hazard,55.936,103.593
GJ-VER-0131,20.72622998,71.32755338,Gir Somnath,22.2 km seaward operational buffer,2026-09-01T00:15,1.18,233,7.35,0.86,228,6.85,3.7,67,26.0,31.9,251,0.0,True,No hazard,55.295,102.406
GJ-VER-0132,20.77131627,71.32646331,Gir Somnath,22.2 km seaward operational buffer,2026-09-01T00:15,0.84,227,6.8,0.58,224,6.8,3.8,65,26.5,17.6,247,0.0,True,No hazard,54.78,101.452
GJ-VER-0133,20.81640226,71.32537034,Gir Somnath,22.2 km seaward operational buffer,2026-09-01T00:15,0.84,227,6.8,0.58,224,6.8,3.8,65,26.5,17.6,247,0.0,True,No hazard,54.395,100.739
GJ-VER-0134,20.6821585,71.37655158,Gir Somnath,22.2 km seaward operational buffer,2026-09-01T00:15,1.22,234,7.15,0.86,227,6.85,3.9,68,26.2,31.9,251,0.0,True,No hazard,58.539,108.415
GJ-VER-0135,20.72724749,71.37547854,Gir Somnath,22.2 km seaward operational buffer,2026-09-01T00:15,1.22,234,7.15,0.86,227,6.85,3.9,68,26.2,31.9,251,0.0,True,No hazard,57.927,107.281
GJ-VER-0136,20.77233619,71.37440262,Gir Somnath,22.2 km seaward operational buffer,2026-09-01T00:15,0.92,229,6.75,0.62,222,6.6,3.9,68,26.6,29.3,250,0.0,True,No hazard,57.436,106.371
GJ-VER-0137,20.8174246,71.37332383,Gir Somnath,22.2 km seaward operational buffer,2026-09-01T00:15,0.92,229,6.75,0.62,222,6.6,3.9,68,26.6,14.9,245,0.0,True,No hazard,57.069,105.691
GJ-VER-0138,20.77334278,71.4223448,Gir Somnath,22.2 km seaward operational buffer,2026-09-01T00:15,1.06,229,6.85,0.72,220,6.55,4.0,69,26.7,31.6,250,0.0,True,No hazard,60.095,111.296
GJ-VER-0139,20.81843357,71.4212802,Gir Somnath,22.2 km seaward operational buffer,2026-09-01T00:15,1.06,229,6.85,0.72,220,6.55,4.0,69,26.7,14.9,245,0.0,True,No hazard,59.744,110.647
GJ-VER-0140,20.86352407,71.42021276,Gir Somnath,22.2 km seaward operational buffer,2026-09-01T00:15,0.76,229,6.5,0.5,220,6.3,3.6,70,27.5,14.9,245,0.0,True,No hazard,59.515,110.221
