node_id,latitude,longitude,district,zone_type,observation_time,wave_height_m,wave_direction_deg,wave_period_s,swell_wave_height_m,swell_wave_direction_deg,swell_wave_period_s,ocean_current_velocity_kmh,ocean_current_direction_deg,sst_celsius,wind_speed_kmph,wind_direction_deg,precipitation_mm,safe_to_venture,hazard_type
GJ-VER-0001,20.87516585,70.07678103,Gir Somnath,22.2 km seaward operational buffer,2026-09-05T21:15,1.7,232,8.2,1.32,236,6.65,0.9,169,27.5,24.2,288,0.0,True,No hazard
GJ-VER-0002,20.92017704,70.07530903,Gir Somnath,22.2 km seaward operational buffer,2026-09-05T21:15,1.62,233,8.2,1.26,236,6.65,1.1,162,27.3,24.7,287,0.0,True,No hazard
GJ-VER-0003,20.9651879,70.07383312,Gir Somnath,22.2 km seaward operational buffer,2026-09-05T21:15,1.62,233,8.2,1.26,236,6.65,1.1,162,27.3,15.1,287,0.0,True,No hazard
GJ-VER-0004,21.01019843,70.0723533,Gir Somnath,22.2 km seaward operational buffer,2026-09-05T21:15,1.38,233,8.25,1.1,237,6.7,1.1,162,27.2,15.1,287,0.0,True,No hazard
GJ-VER-0005,21.05520861,70.07086956,Gir Somnath,22.2 km seaward operational buffer,2026-09-05T21:15,1.38,233,8.25,1.1,237,6.7,1.1,162,27.2,15.1,287,0.0,True,No hazard
GJ-VER-0006,21.10021846,70.06938189,Gir Somnath,22.2 km seaward operational buffer,2026-09-05T21:15,1.18,235,8.05,0.98,239,6.65,1.0,158,27.1,13.5,284,0.0,True,No hazard
GJ-VER-0007,20.83152605,70.12612866,Gir Somnath,22.2 km seaward operational buffer,2026-09-05T21:15,1.78,231,8.25,1.42,235,6.7,0.9,169,27.3,25.2,288,0.0,True,No hazard
GJ-VER-0008,20.87654082,70.12467471,Gir Somnath,22.2 km seaward operational buffer,2026-09-05T21:15,1.7,231,8.2,1.34,235,6.6,1.1,162,27.1,25.2,288,0.0,True,No hazard
GJ-VER-0009,20.92155525,70.12321689,Gir Somnath,22.2 km seaward operational buffer,2026-09-05T21:15,1.6,231,8.25,1.26,235,6.55,1.1,162,26.9,24.7,287,0.0,True,No hazard
GJ-VER-0010,20.96656935,70.1217552,Gir Somnath,22.2 km seaward operational buffer,2026-09-05T21:15,1.6,231,8.25,1.26,235,6.55,1.1,162,26.9,15.1,287,0.0,True,No hazard
GJ-VER-0011,21.01158311,70.12028964,Gir Somnath,22.2 km seaward operational buffer,2026-09-05T21:15,1.36,228,8.35,1.06,236,6.5,1.0,158,26.8,15.1,287,0.0,True,No hazard
GJ-VER-0012,21.05659653,70.11882019,Gir Somnath,22.2 km seaward operational buffer,2026-09-05T21:15,1.36,228,8.35,1.06,236,6.5,1.0,158,26.8,15.1,287,0.0,True,No hazard
GJ-VER-0013,20.7878662,70.17544804,Gir Somnath,22.2 km seaward operational buffer,2026-09-05T21:15,1.76,231,8.2,1.4,235,6.65,1.0,158,27.0,24.4,289,0.0,True,No hazard
GJ-VER-0014,20.8328845,70.17401206,Gir Somnath,22.2 km seaward operational buffer,2026-09-05T21:15,1.76,231,8.2,1.4,235,6.65,1.0,158,27.0,25.2,288,0.0,True,No hazard
GJ-VER-0015,20.87790246,70.17257226,Gir Somnath,22.2 km seaward operational buffer,2026-09-05T21:15,1.7,231,8.2,1.36,235,6.6,1.0,158,26.8,25.2,288,0.0,True,No hazard
GJ-VER-0016,20.9229201,70.17112863,Gir Somnath,22.2 km seaward operational buffer,2026-09-05T21:15,1.6,229,8.3,1.3,236,6.5,0.8,153,26.6,14.7,288,0.0,True,No hazard
GJ-VER-0017,20.9679374,70.16968116,Gir Somnath,22.2 km seaward operational buffer,2026-09-05T21:15,1.6,229,8.3,1.3,236,6.5,0.8,153,26.6,15.1,287,0.0,True,No hazard
GJ-VER-0018,21.01295437,70.16822986,Gir Somnath,22.2 km seaward operational buffer,2026-09-05T21:15,1.36,228,8.35,1.06,236,6.5,0.5,180,26.8,15.1,287,0.0,True,No hazard
GJ-VER-0019,20.78920817,70.22332115,Gir Somnath,22.2 km seaward operational buffer,2026-09-05T21:15,1.76,231,8.2,1.4,235,6.65,1.0,158,27.0,25.8,289,0.0,True,No hazard
GJ-VER-0020,20.83422964,70.22189929,Gir Somnath,22.2 km seaward operational buffer,2026-09-05T21:15,1.7,231,8.2,1.36,235,6.6,1.0,158,26.8,25.3,288,0.0,True,No hazard
GJ-VER-0021,20.87925078,70.22047364,Gir Somnath,22.2 km seaward operational buffer,2026-09-05T21:15,1.7,231,8.2,1.36,235,6.6,1.0,158,26.8,14.7,288,0.0,True,No hazard
GJ-VER-0022,20.92427159,70.2190442,Gir Somnath,22.2 km seaward operational buffer,2026-09-05T21:15,1.6,229,8.3,1.3,236,6.5,0.8,153,26.6,14.7,288,0.0,True,No hazard
GJ-VER-0023,20.96929207,70.21761096,Gir Somnath,22.2 km seaward operational buffer,2026-09-05T21:15,1.6,229,8.3,1.3,236,6.5,0.8,153,26.6,14.7,288,0.0,True,No hazard
GJ-VER-0024,20.74551194,70.27260204,Gir Somnath,22.2 km seaward operational buffer,2026-09-05T21:15,1.78,233,8.2,1.44,236,6.7,0.7,166,27.1,25.8,289,0.0,True,No hazard
GJ-VER-0025,20.79053688,70.27119804,Gir Somnath,22.2 km seaward operational buffer,2026-09-05T21:15,1.74,231,8.15,1.4,235,6.65,1.0,158,26.9,25.8,289,0.0,True,No hazard
GJ-VER-0026,20.83556148,70.2697903,Gir Somnath,22.2 km seaward operational buffer,2026-09-05T21:15,1.68,231,8.2,1.36,235,6.55,1.0,158,26.6,15.0,288,0.0,True,No hazard
GJ-VER-0027,20.88058576,70.26837881,Gir Somnath,22.2 km seaward operational buffer,2026-09-05T21:15,1.68,231,8.2,1.36,235,6.55,1.0,158,26.6,14.7,288,0.0,True,No hazard
GJ-VER-0028,20.92560971,70.26696356,Gir Somnath,22.2 km seaward operational buffer,2026-09-05T21:15,1.68,231,8.2,1.36,235,6.55,0.7,180,26.5,14.7,288,0.0,True,No hazard
GJ-VER-0029,20.7017959,70.32185479,Gir Somnath,22.2 km seaward operational buffer,2026-09-05T21:15,1.78,233,8.2,1.44,236,6.7,0.7,166,27.1,24.8,290,0.0,True,No hazard
GJ-VER-0030,20.74682427,70.32046858,Gir Somnath,22.2 km seaward operational buffer,2026-09-05T21:15,1.78,233,8.2,1.44,236,6.7,0.7,166,27.1,24.9,289,0.0,True,No hazard
GJ-VER-0031,20.7918523,70.31907867,Gir Somnath,22.2 km seaward operational buffer,2026-09-05T21:15,1.74,231,8.15,1.4,235,6.65,1.0,158,26.9,24.9,289,0.0,True,No hazard
GJ-VER-0032,20.83688002,70.31768506,Gir Somnath,22.2 km seaward operational buffer,2026-09-05T21:15,1.68,231,8.2,1.36,235,6.55,1.0,158,26.6,15.0,288,0.0,True,No hazard
GJ-VER-0033,20.8819074,70.31628773,Gir Somnath,22.2 km seaward operational buffer,2026-09-05T21:15,1.68,231,8.2,1.36,235,6.55,1.0,158,26.6,15.0,288,0.0,True,No hazard
GJ-VER-0034,20.92693447,70.31488669,Gir Somnath,22.2 km seaward operational buffer,2026-09-05T21:15,1.68,231,8.2,1.36,235,6.55,0.7,180,26.5,14.7,288,0.0,True,No hazard
GJ-VER-0035,20.70309191,70.36971098,Gir Somnath,22.2 km seaward operational buffer,2026-09-05T21:15,1.74,233,8.1,1.4,236,6.7,0.8,153,26.8,24.8,290,0.0,True,No hazard
GJ-VER-0036,20.74812334,70.36833883,Gir Somnath,22.2 km seaward operational buffer,2026-09-05T21:15,1.74,233,8.1,1.4,236,6.7,0.8,153,26.8,24.9,289,0.0,True,No hazard
GJ-VER-0037,20.79315445,70.36696301,Gir Somnath,22.2 km seaward operational buffer,2026-09-05T21:15,1.68,231,8.15,1.36,235,6.65,0.8,153,26.4,24.9,289,0.0,True,No hazard
GJ-VER-0038,20.83818524,70.36558353,Gir Somnath,22.2 km seaward operational buffer,2026-09-05T21:15,1.6,231,8.2,1.34,235,6.5,0.7,166,26.1,15.0,288,0.0,True,No hazard
GJ-VER-0039,20.88321571,70.36420037,Gir Somnath,22.2 km seaward operational buffer,2026-09-05T21:15,1.6,231,8.2,1.34,235,6.5,0.7,166,26.1,15.0,288,0.0,True,No hazard
GJ-VER-0040,20.65933989,70.4189253,Gir Somnath,22.2 km seaward operational buffer,2026-09-05T21:15,1.72,234,8.05,1.38,236,6.7,0.6,162,27.1,24.4,292,0.0,True,No hazard
GJ-VER-0041,20.70437469,70.41757083,Gir Somnath,22.2 km seaward operational buffer,2026-09-05T21:15,1.68,233,8.1,1.36,236,6.7,0.6,146,26.6,23.9,290,0.0,True,No hazard
GJ-VER-0042,20.74940916,70.41621274,Gir Somnath,22.2 km seaward operational buffer,2026-09-05T21:15,1.74,233,8.1,1.4,236,6.7,0.8,153,26.8,14.7,287,0.0,True,No hazard
GJ-VER-0043,20.79444332,70.41485102,Gir Somnath,22.2 km seaward operational buffer,2026-09-05T21:15,1.68,231,8.15,1.36,235,6.65,0.8,153,26.4,14.7,287,0.0,True,No hazard
GJ-VER-0044,20.83947715,70.41348568,Gir Somnath,22.2 km seaward operational buffer,2026-09-05T21:15,1.6,231,8.2,1.34,235,6.5,0.7,166,26.1,15.0,288,0.0,True,No hazard
GJ-VER-0045,20.61556832,70.4681116,Gir Somnath,22.2 km seaward operational buffer,2026-09-05T21:15,1.72,234,8.05,1.38,236,6.7,0.6,162,27.1,24.5,291,0.0,True,No hazard
GJ-VER-0046,20.66060644,70.46677474,Gir Somnath,22.2 km seaward operational buffer,2026-09-05T21:15,1.72,234,8.05,1.38,236,6.7,0.6,162,27.1,24.5,291,0.0,True,No hazard
GJ-VER-0047,20.70564424,70.4654343,Gir Somnath,22.2 km seaward operational buffer,2026-09-05T21:15,1.68,233,8.1,1.36,236,6.7,0.6,146,26.6,23.9,290,0.0,True,No hazard
GJ-VER-0048,20.75068172,70.46409028,Gir Somnath,22.2 km seaward operational buffer,2026-09-05T21:15,1.58,231,8.15,1.32,236,6.6,0.6,162,26.1,14.7,287,0.0,True,No hazard
GJ-VER-0049,20.79571889,70.46274267,Gir Somnath,22.2 km seaward operational buffer,2026-09-05T21:15,1.58,231,8.15,1.32,236,6.6,0.6,162,26.1,14.7,287,0.0,True,No hazard
GJ-VER-0050,20.84075574,70.46139146,Gir Somnath,22.2 km seaward operational buffer,2026-09-05T21:15,1.58,231,8.15,1.32,236,6.6,0.6,198,25.8,14.7,287,0.0,True,No hazard
GJ-VER-0051,20.61681869,70.51595063,Gir Somnath,22.2 km seaward operational buffer,2026-09-05T21:15,1.68,235,8.0,1.34,236,6.7,0.5,135,27.0,24.5,291,0.0,True,No hazard
GJ-VER-0052,20.66185978,70.51462777,Gir Somnath,22.2 km seaward operational buffer,2026-09-05T21:15,1.68,235,8.0,1.34,236,6.7,0.5,135,27.0,24.5,291,0.0,True,No hazard
GJ-VER-0053,20.70690056,70.51330136,Gir Somnath,22.2 km seaward operational buffer,2026-09-05T21:15,1.58,233,8.05,1.3,236,6.7,0.6,146,26.5,22.8,289,0.0,True,No hazard
GJ-VER-0054,20.75194103,70.51197141,Gir Somnath,22.2 km seaward operational buffer,2026-09-05T21:15,1.46,231,8.1,1.22,237,6.5,0.6,162,26.2,14.7,287,0.0,True,No hazard
GJ-VER-0055,20.79698117,70.5106379,Gir Somnath,22.2 km seaward operational buffer,2026-09-05T21:15,1.46,231,8.1,1.22,237,6.5,0.6,162,26.2,14.7,287,0.0,True,No hazard
GJ-VER-0056,20.61805589,70.5637932,Gir Somnath,22.2 km seaward operational buffer,2026-09-05T21:15,1.68,235,8.0,1.34,236,6.7,0.5,135,27.0,24.9,290,0.0,True,No hazard
GJ-VER-0057,20.66309993,70.56248433,Gir Somnath,22.2 km seaward operational buffer,2026-09-05T21:15,1.68,235,8.0,1.34,236,6.7,0.5,135,27.0,24.9,290,0.0,True,No hazard
GJ-VER-0058,20.70814365,70.56117196,Gir Somnath,22.2 km seaward operational buffer,2026-09-05T21:15,1.58,233,8.05,1.3,236,6.7,0.6,146,26.5,22.8,289,0.0,True,No hazard
GJ-VER-0059,20.75318706,70.55985608,Gir Somnath,22.2 km seaward operational buffer,2026-09-05T21:15,1.46,231,8.1,1.22,237,6.5,0.6,162,26.2,12.7,285,0.0,True,No hazard
GJ-VER-0060,20.57423265,70.61293066,Gir Somnath,22.2 km seaward operational buffer,2026-09-05T21:15,1.7,236,7.95,1.36,236,6.7,0.5,135,27.4,25.1,291,0.0,True,No hazard
GJ-VER-0061,20.61927992,70.61163926,Gir Somnath,22.2 km seaward operational buffer,2026-09-05T21:15,1.64,234,7.95,1.3,235,6.7,0.8,135,26.9,24.4,290,0.0,True,No hazard
GJ-VER-0062,20.66432687,70.6103444,Gir Somnath,22.2 km seaward operational buffer,2026-09-05T21:15,1.64,234,7.95,1.3,235,6.7,0.8,135,26.9,21.4,288,0.0,True,No hazard
GJ-VER-0063,20.7093735,70.60904607,Gir Somnath,22.2 km seaward operational buffer,2026-09-05T21:15,1.48,232,8.1,1.18,236,6.65,0.5,135,26.3,14.5,284,0.0,True,No hazard
GJ-VER-0064,20.75441983,70.60774428,Gir Somnath,22.2 km seaward operational buffer,2026-09-05T21:15,1.24,231,8.1,1.04,237,6.45,0.5,135,26.0,12.7,285,0.0,True,No hazard
GJ-VER-0065,20.57544062,70.66076621,Gir Somnath,22.2 km seaward operational buffer,2026-09-05T21:15,1.7,236,7.95,1.36,236,6.7,0.5,135,27.4,25.3,291,0.0,True,No hazard
GJ-VER-0066,20.62049076,70.65948879,Gir Somnath,22.2 km seaward operational buffer,2026-09-05T21:15,1.64,234,7.95,1.3,235,6.7,0.8,135,26.9,24.4,290,0.0,True,No hazard
GJ-VER-0067,20.66554059,70.65820794,Gir Somnath,22.2 km seaward operational buffer,2026-09-05T21:15,1.64,234,7.95,1.3,235,6.7,0.8,135,26.9,24.4,290,0.0,True,No hazard
GJ-VER-0068,20.71059011,70.65692366,Gir Somnath,22.2 km seaward operational buffer,2026-09-05T21:15,1.48,232,8.1,1.18,236,6.65,0.5,135,26.3,14.5,284,0.0,True,No hazard
GJ-VER-0069,20.75563932,70.65563594,Gir Somnath,22.2 km seaward operational buffer,2026-09-05T21:15,1.24,231,8.1,1.04,237,6.45,0.5,135,26.0,14.5,284,0.0,True,No hazard
GJ-VER-0070,20.53158213,70.70986525,Gir Somnath,22.2 km seaward operational buffer,2026-09-05T21:15,1.7,236,7.9,1.36,237,6.7,0.9,127,27.3,25.1,290,0.0,True,No hazard
GJ-VER-0071,20.57663543,70.70860519,Gir Somnath,22.2 km seaward operational buffer,2026-09-05T21:15,1.7,236,7.9,1.36,237,6.7,0.9,127,27.3,25.3,291,0.0,True,No hazard
GJ-VER-0072,20.62168842,70.70734174,Gir Somnath,22.2 km seaward operational buffer,2026-09-05T21:15,1.62,233,8.0,1.28,235,6.65,0.8,135,26.8,22.3,289,0.0,True,No hazard
GJ-VER-0073,20.6667411,70.7060749,Gir Somnath,22.2 km seaward operational buffer,2026-09-05T21:15,1.36,230,8.1,1.1,235,6.5,0.6,146,26.4,18.4,286,0.0,True,No hazard
GJ-VER-0074,20.71179348,70.70480468,Gir Somnath,22.2 km seaward operational buffer,2026-09-05T21:15,1.36,230,8.1,1.1,235,6.5,0.6,146,26.4,14.5,284,0.0,True,No hazard
GJ-VER-0075,20.53276097,70.75769366,Gir Somnath,22.2 km seaward operational buffer,2026-09-05T21:15,1.7,236,7.9,1.36,237,6.75,0.8,135,27.2,24.3,290,0.0,True,No hazard
GJ-VER-0076,20.57781709,70.75644754,Gir Somnath,22.2 km seaward operational buffer,2026-09-05T21:15,1.7,236,7.9,1.36,237,6.75,0.8,135,27.2,24.3,290,0.0,True,No hazard
GJ-VER-0077,20.6228729,70.75519808,Gir Somnath,22.2 km seaward operational buffer,2026-09-05T21:15,1.62,233,8.05,1.3,235,6.6,1.0,121,26.6,22.3,289,0.0,True,No hazard
GJ-VER-0078,20.66792839,70.75394526,Gir Somnath,22.2 km seaward operational buffer,2026-09-05T21:15,1.28,230,8.1,1.04,235,6.35,0.8,135,26.2,14.5,284,0.0,True,No hazard
GJ-VER-0079,20.71298359,70.75268909,Gir Somnath,22.2 km seaward operational buffer,2026-09-05T21:15,1.28,230,8.1,1.04,235,6.35,0.8,135,26.2,14.5,284,0.0,True,No hazard
GJ-VER-0080,20.53392669,70.80552542,Gir Somnath,22.2 km seaward operational buffer,2026-09-05T21:15,1.7,236,7.9,1.36,237,6.75,0.8,135,27.2,25.1,289,0.0,True,No hazard
GJ-VER-0081,20.57898558,70.80429325,Gir Somnath,22.2 km seaward operational buffer,2026-09-05T21:15,1.7,236,7.9,1.36,237,6.75,0.8,135,27.2,24.3,290,0.0,True,No hazard
GJ-VER-0082,20.62404418,70.80305777,Gir Somnath,22.2 km seaward operational buffer,2026-09-05T21:15,1.62,233,8.05,1.3,235,6.6,1.0,121,26.6,20.9,285,0.0,True,No hazard
GJ-VER-0083,20.66910246,70.80181898,Gir Somnath,22.2 km seaward operational buffer,2026-09-05T21:15,1.28,230,8.1,1.04,235,6.35,0.8,135,26.2,13.5,278,0.0,True,No hazard
GJ-VER-0084,20.53507927,70.85336048,Gir Somnath,22.2 km seaward operational buffer,2026-09-05T21:15,1.7,236,7.85,1.36,236,6.8,1.0,121,27.0,24.3,287,0.0,True,No hazard
GJ-VER-0085,20.58014092,70.85214226,Gir Somnath,22.2 km seaward operational buffer,2026-09-05T21:15,1.7,236,7.85,1.36,236,6.8,1.0,121,27.0,24.3,287,0.0,True,No hazard
GJ-VER-0086,20.62520226,70.85092077,Gir Somnath,22.2 km seaward operational buffer,2026-09-05T21:15,1.62,232,8.1,1.32,236,6.6,1.0,112,26.5,20.9,285,0.0,True,No hazard
GJ-VER-0087,20.6702633,70.84969601,Gir Somnath,22.2 km seaward operational buffer,2026-09-05T21:15,1.22,227,8.15,0.98,234,6.3,0.5,135,26.1,14.2,272,0.0,True,No hazard
GJ-VER-0088,20.53621871,70.9011988,Gir Somnath,22.2 km seaward operational buffer,2026-09-05T21:15,1.7,236,7.85,1.36,236,6.8,1.0,121,27.0,25.4,287,0.0,True,No hazard
GJ-VER-0089,20.58128308,70.89999455,Gir Somnath,22.2 km seaward operational buffer,2026-09-05T21:15,1.7,236,7.85,1.36,236,6.8,1.0,121,27.0,24.3,287,0.0,True,No hazard
GJ-VER-0090,20.62634715,70.89878705,Gir Somnath,22.2 km seaward operational buffer,2026-09-05T21:15,1.62,232,8.1,1.32,236,6.6,1.0,112,26.5,22.2,281,0.0,True,No hazard
GJ-VER-0091,20.67141091,70.89757632,Gir Somnath,22.2 km seaward operational buffer,2026-09-05T21:15,1.22,227,8.15,0.98,234,6.3,0.5,135,26.1,14.2,272,0.0,True,No hazard
GJ-VER-0092,20.53734501,70.94904036,Gir Somnath,22.2 km seaward operational buffer,2026-09-05T21:15,1.68,237,7.85,1.34,236,6.8,1.0,121,26.9,25.4,284,0.0,True,No hazard
GJ-VER-0093,20.58241207,70.94785006,Gir Somnath,22.2 km seaward operational buffer,2026-09-05T21:15,1.68,237,7.85,1.34,236,6.8,1.0,121,26.9,25.4,284,0.0,True,No hazard
GJ-VER-0094,20.62747883,70.94665657,Gir Somnath,22.2 km seaward operational buffer,2026-09-05T21:15,1.58,232,8.15,1.3,236,6.65,1.0,112,26.4,22.2,281,0.0,True,No hazard
GJ-VER-0095,20.67254529,70.94545987,Gir Somnath,22.2 km seaward operational buffer,2026-09-05T21:15,1.16,225,8.2,0.94,232,6.4,0.5,135,26.1,15.7,270,0.0,True,No hazard
GJ-VER-0096,20.53845817,70.99688511,Gir Somnath,22.2 km seaward operational buffer,2026-09-05T21:15,1.68,237,7.85,1.34,236,6.8,1.0,121,26.9,27.0,280,0.0,True,No hazard
GJ-VER-0097,20.58352789,70.99570878,Gir Somnath,22.2 km seaward operational buffer,2026-09-05T21:15,1.58,232,8.15,1.3,236,6.65,1.0,112,26.4,27.0,280,0.0,True,No hazard
GJ-VER-0098,20.62859731,70.99452929,Gir Somnath,22.2 km seaward operational buffer,2026-09-05T21:15,1.58,232,8.15,1.3,236,6.65,1.0,112,26.4,25.2,277,0.0,True,No hazard
GJ-VER-0099,20.67366643,70.99334663,Gir Somnath,22.2 km seaward operational buffer,2026-09-05T21:15,1.16,225,8.2,0.94,232,6.4,0.5,135,26.1,15.7,270,0.0,True,No hazard
GJ-VER-0100,20.53955818,71.04473301,Gir Somnath,22.2 km seaward operational buffer,2026-09-05T21:15,1.66,238,7.85,1.32,236,6.8,0.8,117,26.9,27.0,280,0.0,True,No hazard
GJ-VER-0101,20.58463052,71.04357065,Gir Somnath,22.2 km seaward operational buffer,2026-09-05T21:15,1.5,233,8.05,1.2,234,6.8,1.0,112,26.5,27.0,280,0.0,True,No hazard
GJ-VER-0102,20.62970257,71.04240517,Gir Somnath,22.2 km seaward operational buffer,2026-09-05T21:15,1.5,233,8.05,1.2,234,6.8,1.0,112,26.5,25.2,277,0.0,True,No hazard
GJ-VER-0103,20.67477432,71.04123656,Gir Somnath,22.2 km seaward operational buffer,2026-09-05T21:15,1.1,225,8.1,0.88,231,6.5,0.6,124,26.1,17.5,267,0.0,True,No hazard
GJ-VER-0104,20.71984577,71.04006482,Gir Somnath,22.2 km seaward operational buffer,2026-09-05T21:15,1.1,225,8.1,0.88,231,6.5,0.6,124,26.1,17.5,267,0.0,True,No hazard
GJ-VER-0105,20.54064504,71.09258403,Gir Somnath,22.2 km seaward operational buffer,2026-09-05T21:15,1.62,239,7.75,1.32,235,6.9,0.8,117,26.9,28.0,275,0.0,True,No hazard
GJ-VER-0106,20.58571998,71.09143565,Gir Somnath,22.2 km seaward operational buffer,2026-09-05T21:15,1.42,235,7.8,1.12,232,6.9,1.0,112,26.6,28.0,275,0.0,True,No hazard
GJ-VER-0107,20.63079462,71.09028418,Gir Somnath,22.2 km seaward operational buffer,2026-09-05T21:15,1.42,235,7.8,1.12,232,6.9,1.0,112,26.6,27.6,272,0.0,True,No hazard
GJ-VER-0108,20.67586897,71.08912962,Gir Somnath,22.2 km seaward operational buffer,2026-09-05T21:15,1.04,228,7.85,0.8,229,6.65,0.8,117,26.2,17.5,267,0.0,True,No hazard
GJ-VER-0109,20.72094302,71.08797196,Gir Somnath,22.2 km seaward operational buffer,2026-09-05T21:15,1.04,228,7.85,0.8,229,6.65,0.8,117,26.2,17.5,267,0.0,True,No hazard
GJ-VER-0110,20.58679624,71.13930373,Gir Somnath,22.2 km seaward operational buffer,2026-09-05T21:15,1.42,235,7.8,1.12,232,6.9,1.0,112,26.6,28.0,275,0.0,True,No hazard
GJ-VER-0111,20.63187345,71.13816627,Gir Somnath,22.2 km seaward operational buffer,2026-09-05T21:15,1.42,235,7.8,1.12,232,6.9,1.0,112,26.6,27.6,272,0.0,True,No hazard
GJ-VER-0112,20.67695037,71.13702577,Gir Somnath,22.2 km seaward operational buffer,2026-09-05T21:15,1.04,228,7.85,0.8,229,6.65,0.8,117,26.2,17.5,267,0.0,True,No hazard
GJ-VER-0113,20.72202699,71.13588221,Gir Somnath,22.2 km seaward operational buffer,2026-09-05T21:15,1.04,228,7.85,0.8,229,6.65,0.8,117,26.2,17.5,267,0.0,True,No hazard
GJ-VER-0114,20.58785932,71.18717485,Gir Somnath,22.2 km seaward operational buffer,2026-09-05T21:15,1.34,236,7.6,1.04,231,7.0,1.0,112,26.6,28.1,271,0.0,True,No hazard
GJ-VER-0115,20.63293906,71.18605142,Gir Somnath,22.2 km seaward operational buffer,2026-09-05T21:15,1.34,236,7.6,1.04,231,7.0,1.0,112,26.6,29.0,268,0.0,True,No hazard
GJ-VER-0116,20.67801851,71.18492497,Gir Somnath,22.2 km seaward operational buffer,2026-09-05T21:15,1.0,231,7.45,0.74,226,6.8,0.8,117,26.3,17.5,267,0.0,True,No hazard
GJ-VER-0117,20.72309767,71.1837955,Gir Somnath,22.2 km seaward operational buffer,2026-09-05T21:15,1.0,231,7.45,0.74,226,6.8,0.8,117,26.3,17.5,267,0.0,True,No hazard
GJ-VER-0118,20.76817653,71.18266302,Gir Somnath,22.2 km seaward operational buffer,2026-09-05T21:15,0.7,224,7.1,0.46,220,6.95,0.4,153,26.8,16.3,264,0.0,True,No hazard
GJ-VER-0119,20.5889092,71.23504899,Gir Somnath,22.2 km seaward operational buffer,2026-09-05T21:15,1.34,236,7.6,1.04,231,7.0,1.0,112,26.6,28.1,271,0.0,True,No hazard
GJ-VER-0120,20.63399145,71.23393958,Gir Somnath,22.2 km seaward operational buffer,2026-09-05T21:15,1.34,236,7.6,1.04,231,7.0,1.0,112,26.6,29.0,268,0.0,True,No hazard
GJ-VER-0121,20.6790734,71.23282719,Gir Somnath,22.2 km seaward operational buffer,2026-09-05T21:15,1.0,231,7.45,0.74,226,6.8,0.8,117,26.3,29.0,263,0.0,True,No hazard
GJ-VER-0122,20.72415507,71.23171182,Gir Somnath,22.2 km seaward operational buffer,2026-09-05T21:15,1.0,231,7.45,0.74,226,6.8,0.8,117,26.3,29.0,263,0.0,True,No hazard
GJ-VER-0123,20.76923643,71.23059347,Gir Somnath,22.2 km seaward operational buffer,2026-09-05T21:15,0.7,224,7.1,0.46,220,6.95,0.4,153,26.8,18.1,260,0.0,True,No hazard
GJ-VER-0124,20.63503061,71.28183071,Gir Somnath,22.2 km seaward operational buffer,2026-09-05T21:15,1.32,236,7.45,0.98,231,7.05,0.8,117,26.6,30.0,266,0.0,True,No hazard
GJ-VER-0125,20.68011503,71.28073239,Gir Somnath,22.2 km seaward operational buffer,2026-09-05T21:15,0.98,231,7.1,0.68,226,6.9,0.7,104,26.4,29.0,263,0.0,True,No hazard
GJ-VER-0126,20.72519917,71.27963113,Gir Somnath,22.2 km seaward operational buffer,2026-09-05T21:15,0.98,231,7.1,0.68,226,6.9,0.7,104,26.4,29.0,263,0.0,True,No hazard
GJ-VER-0127,20.77028301,71.27852692,Gir Somnath,22.2 km seaward operational buffer,2026-09-05T21:15,0.74,224,6.7,0.44,220,7.15,0.4,117,26.8,18.1,260,0.0,True,No hazard
GJ-VER-0128,20.81536657,71.27741976,Gir Somnath,22.2 km seaward operational buffer,2026-09-05T21:15,0.74,224,6.7,0.44,220,7.15,0.4,117,26.8,18.1,260,0.0,True,No hazard
GJ-VER-0129,20.63605653,71.32972479,Gir Somnath,22.2 km seaward operational buffer,2026-09-05T21:15,1.32,236,7.45,0.98,231,7.05,0.8,117,26.6,30.0,266,0.0,True,No hazard
GJ-VER-0130,20.6811434,71.32864054,Gir Somnath,22.2 km seaward operational buffer,2026-09-05T21:15,0.98,231,7.1,0.68,226,6.9,0.7,104,26.4,31.9,261,0.0,True,No hazard
GJ-VER-0131,20.72622998,71.32755338,Gir Somnath,22.2 km seaward operational buffer,2026-09-05T21:15,0.98,231,7.1,0.68,226,6.9,0.7,104,26.4,31.9,261,0.0,True,No hazard
GJ-VER-0132,20.77131627,71.32646331,Gir Somnath,22.2 km seaward operational buffer,2026-09-05T21:15,0.74,224,6.7,0.44,220,7.15,0.4,117,26.8,18.1,260,0.0,True,No hazard
GJ-VER-0133,20.81640226,71.32537034,Gir Somnath,22.2 km seaward operational buffer,2026-09-05T21:15,0.74,224,6.7,0.44,220,7.15,0.4,117,26.8,18.1,260,0.0,True,No hazard
GJ-VER-0134,20.6821585,71.37655158,Gir Somnath,22.2 km seaward operational buffer,2026-09-05T21:15,1.06,233,6.9,0.7,227,6.95,0.6,108,26.6,31.9,261,0.0,True,No hazard
GJ-VER-0135,20.72724749,71.37547854,Gir Somnath,22.2 km seaward operational buffer,2026-09-05T21:15,1.06,233,6.9,0.7,227,6.95,0.6,108,26.6,31.9,261,0.0,True,No hazard
GJ-VER-0136,20.77233619,71.37440262,Gir Somnath,22.2 km seaward operational buffer,2026-09-05T21:15,0.84,228,6.5,0.46,223,7.0,0.6,108,27.2,28.2,259,0.0,True,No hazard
GJ-VER-0137,20.8174246,71.37332383,Gir Somnath,22.2 km seaward operational buffer,2026-09-05T21:15,0.84,228,6.5,0.46,223,7.0,0.6,108,27.2,15.6,255,0.0,True,No hazard
GJ-VER-0138,20.77334278,71.4223448,Gir Somnath,22.2 km seaward operational buffer,2026-09-05T21:15,1.0,229,6.55,0.54,226,6.95,0.5,90,27.2,30.3,257,0.0,True,No hazard
GJ-VER-0139,20.81843357,71.4212802,Gir Somnath,22.2 km seaward operational buffer,2026-09-05T21:15,1.0,229,6.55,0.54,226,6.95,0.5,90,27.2,15.6,255,0.0,True,No hazard
GJ-VER-0140,20.86352407,71.42021276,Gir Somnath,22.2 km seaward operational buffer,2026-09-05T21:15,0.74,229,6.15,0.36,226,7.75,0.0,90,28.0,15.6,255,0.0,True,No hazard
